Workbook

Sheet trans
A1: nu | B1: unc | C1: unc | D1: Stat | E1: F | F1: e/f | G1: v | H1: J' | I1: State | J1: F" | K1: e/f" | L1: v" | M1: J" | N1: source | O1: TAG' | P1: TAG" | Q1: E' | R1: E" | S1: Esum | T1: Nsum | U1: Eave | V1: 0.5
A2: 13357.77 | B2: 0.03077 | C2: 0.03077 | D2: A | E2: 1 | F2: e | G2: 0 | H2: 0.5 | I2: X | J2: 2 | K2: f | L2: 0 | M2: 0.5 | N2: 33WaFrXx.258 | O2: =D2&"-"&E2&"-"&F2&"-"&G2&"-"&H2 -> A-1-e-0-0.5 | P2: =I2&"-"&J2&"-"&K2&"-"&L2&"-"&M2 -> X-2-f-0-0.5 | Q2: =A2+R2 -> 13364.912 | R2: =_xlfn.IFNA(VLOOKUP(P2,PGOPHER!A$2:G$181,7,FALSE),_xlfn.IFNA(VLOOKUP(P2,en!A$2:I$768,7,FALSE),-10000)) -> 7.142378 | S2: =IF(O2=O1,Q1+S1,Q2) -> 13364.912 | T2: =IF(O2=O1,T1+1,1) -> 1 | U2: =IF(O2=O3,"",S2/T2) | V2: =IF(U2="","",IF(ABS(Q2-U2)>V$1,"error",""))
A3: 13357.64 | B3: 0.03077 | C3: 0.03077 | D3: A | E3: 1 | F3: e | G3: 0 | H3: 0.5 | I3: X | J3: 1 | K3: e | L3: 0 | M3: 1.5 | N3: 33WaFrXx.220 | O3: =D3&"-"&E3&"-"&F3&"-"&G3&"-"&H3 -> A-1-e-0-0.5 | P3: =I3&"-"&J3&"-"&K3&"-"&L3&"-"&M3 -> X-1-e-0-1.5 | Q3: =A3+R3 -> 13364.968 | R3: =_xlfn.IFNA(VLOOKUP(P3,PGOPHER!A$2:G$181,7,FALSE),_xlfn.IFNA(VLOOKUP(P3,en!A$2:I$768,7,FALSE),-10000)) -> 7.328329 | S3: =IF(O3=O2,Q2+S2,Q3) -> 26729.825 | T3: =IF(O3=O2,T2+1,1) -> 2 | U3: =IF(O3=O4,"",S3/T3) -> 13364.912 | V3: =IF(U3="","",IF(ABS(Q3-U3)>V$1,"error",""))
A4: 13339.43 | B4: 0.09344 | C4: 0.09344 | D4: A | E4: 1 | F4: f | G4: 0 | H4: 0.5 | I4: X | J4: 2 | K4: f | L4: 0 | M4: 1.5 | N4: 33WaFrXx.196 | O4: =D4&"-"&E4&"-"&F4&"-"&G4&"-"&H4 -> A-1-f-0-0.5 | P4: =I4&"-"&J4&"-"&K4&"-"&L4&"-"&M4 -> X-2-f-0-1.5 | Q4: =A4+R4 -> 13361.04 | R4: =_xlfn.IFNA(VLOOKUP(P4,PGOPHER!A$2:G$181,7,FALSE),_xlfn.IFNA(VLOOKUP(P4,en!A$2:I$768,7,FALSE),-10000)) -> 21.609896 | S4: =IF(O4=O3,Q3+S3,Q4) -> 13361.04 | T4: =IF(O4=O3,T3+1,1) -> 1 | U4: =IF(O4=O5,"",S4/T4) | V4: =IF(U4="","",IF(ABS(Q4-U4)>V$1,"error",""))
A5: 13360.87 | B5: 0.09344 | C5: 0.09344 | D5: A | E5: 1 | F5: f | G5: 0 | H5: 0.5 | I5: X | J5: 1 | K5: e | L5: 0 | M5: 0.5 | N5: 33WaFrXx.293 | O5: =D5&"-"&E5&"-"&F5&"-"&G5&"-"&H5 -> A-1-f-0-0.5 | P5: =I5&"-"&J5&"-"&K5&"-"&L5&"-"&M5 -> X-1-e-0-0.5 | Q5: =A5+R5 -> 13360.87 | R5: =_xlfn.IFNA(VLOOKUP(P5,PGOPHER!A$2:G$181,7,FALSE),_xlfn.IFNA(VLOOKUP(P5,en!A$2:I$768,7,FALSE),-10000)) -> 0 | S5: =IF(O5=O4,Q4+S4,Q5) -> 26722.08 | T5: =IF(O5=O4,T4+1,1) -> 2 | U5: =IF(O5=O6,"",S5/T5) -> 13361.04 | V5: =IF(U5="","",IF(ABS(Q5-U5)>V$1,"error",""))
A6: 13356.07 | B6: 0.01246 | C6: 0.01246 | D6: A | E6: 1 | F6: e | G6: 0 | H6: 1.5 | I6: X | J6: 1 | K6: e | L6: 0 | M6: 2.5 | N6: 33WaFrXx.221 | O6: =D6&"-"&E6&"-"&F6&"-"&G6&"-"&H6 -> A-1-e-0-1.5 | P6: =I6&"-"&J6&"-"&K6&"-"&L6&"-"&M6 -> X-1-e-0-2.5 | Q6: =A6+R6 -> 13377.99 | R6: =_xlfn.IFNA(VLOOKUP(P6,PGOPHER!A$2:G$181,7,FALSE),_xlfn.IFNA(VLOOKUP(P6,en!A$2:I$768,7,FALSE),-10000)) -> 21.9197 | S6: =IF(O6=O5,Q5+S5,Q6) -> 13377.99 | T6: =IF(O6=O5,T5+1,1) -> 1 | U6: =IF(O6=O7,"",S6/T6) | V6: =IF(U6="","",IF(ABS(Q6-U6)>V$1,"error",""))
A7: 13377.83 | B7: 0.1641 | C7: 0.1641 | D7: A | E7: 1 | F7: e | G7: 0 | H7: 1.5 | I7: X | J7: 1 | K7: e | L7: 0 | M7: 0.5 | N7: 33WaFrXx.380 | O7: =D7&"-"&E7&"-"&F7&"-"&G7&"-"&H7 -> A-1-e-0-1.5 | P7: =I7&"-"&J7&"-"&K7&"-"&L7&"-"&M7 -> X-1-e-0-0.5 | Q7: =A7+R7 -> 13377.83 | R7: =_xlfn.IFNA(VLOOKUP(P7,PGOPHER!A$2:G$181,7,FALSE),_xlfn.IFNA(VLOOKUP(P7,en!A$2:I$768,7,FALSE),-10000)) -> 0 | S7: =IF(O7=O6,Q6+S6,Q7) -> 26755.979 | T7: =IF(O7=O6,T6+1,1) -> 2 | U7: =IF(O7=O8,"",S7/T7) | V7: =IF(U7="","",IF(ABS(Q7-U7)>V$1,"error",""))
A8: 13356.36 | B8: 0.01 | C8: 0.01 | D8: A | E8: 1 | F8: e | G8: 0 | H8: 1.5 | I8: X | J8: 2 | K8: f | L8: 0 | M8: 1.5 | N8: 33WaFrXx.259 | O8: =D8&"-"&E8&"-"&F8&"-"&G8&"-"&H8 -> A-1-e-0-1.5 | P8: =I8&"-"&J8&"-"&K8&"-"&L8&"-"&M8 -> X-2-f-0-1.5 | Q8: =A8+R8 -> 13377.97 | R8: =_xlfn.IFNA(VLOOKUP(P8,PGOPHER!A$2:G$181,7,FALSE),_xlfn.IFNA(VLOOKUP(P8,en!A$2:I$768,7,FALSE),-10000)) -> 21.609896 | S8: =IF(O8=O7,Q7+S7,Q8) -> 40133.809 | T8: =IF(O8=O7,T7+1,1) -> 3 | U8: =IF(O8=O9,"",S8/T8) -> 13377.936 | V8: =IF(U8="","",IF(ABS(Q8-U8)>V$1,"error",""))
A9: 13362.5 | B9: 0.1686 | C9: 0.1686 | D9: A | E9: 1 | F9: f | G9: 0 | H9: 1.5 | I9: X | J9: 2 | K9: f | L9: 0 | M9: 0.5 | N9: 33WaFrXx.339 | O9: =D9&"-"&E9&"-"&F9&"-"&G9&"-"&H9 -> A-1-f-0-1.5 | P9: =I9&"-"&J9&"-"&K9&"-"&L9&"-"&M9 -> X-2-f-0-0.5 | Q9: =A9+R9 -> 13369.642 | R9: =_xlfn.IFNA(VLOOKUP(P9,PGOPHER!A$2:G$181,7,FALSE),_xlfn.IFNA(VLOOKUP(P9,en!A$2:I$768,7,FALSE),-10000)) -> 7.142378 | S9: =IF(O9=O8,Q8+S8,Q9) -> 13369.642 | T9: =IF(O9=O8,T8+1,1) -> 1 | U9: =IF(O9=O10,"",S9/T9) | V9: =IF(U9="","",IF(ABS(Q9-U9)>V$1,"error",""))
A10: 13362.5 | B10: 0.04417 | C10: 0.04417 | D10: A | E10: 1 | F10: f | G10: 0 | H10: 1.5 | I10: X | J10: 1 | K10: e | L10: 0 | M10: 1.5 | N10: 33WaFrXx.294 | O10: =D10&"-"&E10&"-"&F10&"-"&G10&"-"&H10 -> A-1-f-0-1.5 | P10: =I10&"-"&J10&"-"&K10&"-"&L10&"-"&M10 -> X-1-e-0-1.5 | Q10: =A10+R10 -> 13369.828 | R10: =_xlfn.IFNA(VLOOKUP(P10,PGOPHER!A$2:G$181,7,FALSE),_xlfn.IFNA(VLOOKUP(P10,en!A$2:I$768,7,FALSE),-10000)) -> 7.328329 | S10: =IF(O10=O9,Q9+S9,Q10) -> 26739.285 | T10: =IF(O10=O9,T9+1,1) -> 2 | U10: =IF(O10=O11,"",S10/T10) | V10: =IF(U10="","",IF(ABS(Q10-U10)>V$1,"error",""))
A11: 13326.43 | B11: 0.035 | C11: 0.035 | D11: A | E11: 1 | F11: f | G11: 0 | H11: 1.5 | I11: X | J11: 2 | K11: f | L11: 0 | M11: 2.5 | N11: 33WaFrXx.197 | O11: =D11&"-"&E11&"-"&F11&"-"&G11&"-"&H11 -> A-1-f-0-1.5 | P11: =I11&"-"&J11&"-"&K11&"-"&L11&"-"&M11 -> X-2-f-0-2.5 | Q11: =A11+R11 -> 13369.763 | R11: =_xlfn.IFNA(VLOOKUP(P11,PGOPHER!A$2:G$181,7,FALSE),_xlfn.IFNA(VLOOKUP(P11,en!A$2:I$768,7,FALSE),-10000)) -> 43.333493 | S11: =IF(O11=O10,Q10+S10,Q11) -> 40109.113 | T11: =IF(O11=O10,T10+1,1) -> 3 | U11: =IF(O11=O12,"",S11/T11) -> 13369.704 | V11: =IF(U11="","",IF(ABS(Q11-U11)>V$1,"error",""))
A12: 13644.83 | B12: 0.07161 | C12: 0.07161 | D12: A | E12: 2 | F12: e | G12: 0 | H12: 1.5 | I12: X | J12: 2 | K12: f | L12: 0 | M12: 1.5 | N12: 33WaFrXx.48 | O12: =D12&"-"&E12&"-"&F12&"-"&G12&"-"&H12 -> A-2-e-0-1.5 | P12: =I12&"-"&J12&"-"&K12&"-"&L12&"-"&M12 -> X-2-f-0-1.5 | Q12: =A12+R12 -> 13666.44 | R12: =_xlfn.IFNA(VLOOKUP(P12,PGOPHER!A$2:G$181,7,FALSE),_xlfn.IFNA(VLOOKUP(P12,en!A$2:I$768,7,FALSE),-10000)) -> 21.609896 | S12: =IF(O12=O11,Q11+S11,Q12) -> 13666.44 | T12: =IF(O12=O11,T11+1,1) -> 1 | U12: =IF(O12=O13,"",S12/T12) | V12: =IF(U12="","",IF(ABS(Q12-U12)>V$1,"error",""))
A13: 13644.39 | B13: 0.07161 | C13: 0.07161 | D13: A | E13: 2 | F13: e | G13: 0 | H13: 1.5 | I13: X | J13: 1 | K13: e | L13: 0 | M13: 2.5 | N13: 33WaFrXx.27 | O13: =D13&"-"&E13&"-"&F13&"-"&G13&"-"&H13 -> A-2-e-0-1.5 | P13: =I13&"-"&J13&"-"&K13&"-"&L13&"-"&M13 -> X-1-e-0-2.5 | Q13: =A13+R13 -> 13666.31 | R13: =_xlfn.IFNA(VLOOKUP(P13,PGOPHER!A$2:G$181,7,FALSE),_xlfn.IFNA(VLOOKUP(P13,en!A$2:I$768,7,FALSE),-10000)) -> 21.9197 | S13: =IF(O13=O12,Q12+S12,Q13) -> 27332.88 | T13: =IF(O13=O12,T12+1,1) -> 2 | U13: =IF(O13=O14,"",S13/T13) -> 13666.44 | V13: =IF(U13="","",IF(ABS(Q13-U13)>V$1,"error",""))
... A986: 19090.182 | B986: 0.005 | C986: 0.005 | D986: E | E986: 2 | F986: f | G986: 0 | H986: 16.5 | I986: X | J986: 1 | K986: e | L986: 0 | M986: 16.5 | N986: 11RaTeWa.SrH-435 | O986: =D986&"-"&E986&"-"&F986&"-"&G986&"-"&H986 -> E-2-f-0-16.5 | P986: =I986&"-"&J986&"-"&K986&"-"&L986&"-"&M986 -> X-1-e-0-16.5 | Q986: =A986+R986 -> 20069.49 | R986: =_xlfn.IFNA(VLOOKUP(P986,PGOPHER!A$2:G$181,7,FALSE),_xlfn.IFNA(VLOOKUP(P986,en!A$2:I$768,7,FALSE),-10000)) -> 979.30796 | S986: =IF(O986=O985,Q985+S985,Q986) -> 60208.451 | T986: =IF(O986=O985,T985+1,1) -> 3 | U986: =IF(O986=O987,"",S986/T986) -> 20069.484 | V986: =IF(U986="","",IF(ABS(Q986-U986)>V$1,"error",""))
A987: 19078.148 | B987: 0.01162 | C987: 0.01162 | D987: E | E987: 2 | F987: f | G987: 1 | H987: 16.5 | I987: X | J987: 2 | K987: f | L987: 1 | M987: 15.5 | N987: 11RaTeWa.SrH-156 | S987: =IF(O987=O986,Q986+S986,Q987) -> 0 | T987: =IF(O987=O986,T986+1,1) -> 1 | U987: =IF(O987=O988,"",S987/T987) | V987: =IF(U987="","",IF(ABS(Q987-U987)>V$1,"error",""))
A988: 18835.267 | B988: 0.005 | C988: 0.005 | D988: E | E988: 2 | F988: f | G988: 1 | H988: 16.5 | I988: X | J988: 2 | K988: f | L988: 1 | M988: 17.5 | N988: 11RaTeWa.SrH-173 | S988: =IF(O988=O987,Q987+S987,Q988) -> 0 | T988: =IF(O988=O987,T987+1,1) -> 2 | U988: =IF(O988=O989,"",S988/T988) | V988: =IF(U988="","",IF(ABS(Q988-U988)>V$1,"error",""))
A989: 18958.433 | B989: 0.005 | C989: 0.005 | D989: E | E989: 2 | F989: e | G989: 1 | H989: 16.5 | I989: X | J989: 2 | K989: f | L989: 1 | M989: 16.5 | N989: 11RaTeWa.SrH-123 | S989: =IF(O989=O988,Q988+S988,Q989) -> 0 | T989: =IF(O989=O988,T988+1,1) -> 3 | U989: =IF(O989=O990,"",S989/T989) | V989: =IF(U989="","",IF(ABS(Q989-U989)>V$1,"error",""))
A990: 19076.212 | B990: 0.005 | C990: 0.005 | D990: E | E990: 2 | F990: f | G990: 1 | H990: 16.5 | I990: X | J990: 1 | K990: e | L990: 1 | M990: 16.5 | N990: 11RaTeWa.SrH-139 | S990: =IF(O990=O989,Q989+S989,Q990) -> 0 | T990: =IF(O990=O989,T989+1,1) -> 4 | U990: =IF(O990=O991,"",S990/T990) -> 0 | V990: =IF(U990="","",IF(ABS(Q990-U990)>V$1,"error",""))
A991: 19046.977 | B991: 0.005 | C991: 0.005 | D991: E | E991: 1 | F991: e | G991: 0 | H991: 17.5 | I991: X | J991: 1 | K991: e | L991: 0 | M991: 16.5 | N991: 11RaTeWa.SrH-190 | O991: =D991&"-"&E991&"-"&F991&"-"&G991&"-"&H991 -> E-1-e-0-17.5 | P991: =I991&"-"&J991&"-"&K991&"-"&L991&"-"&M991 -> X-1-e-0-16.5 | Q991: =A991+R991 -> 20026.285 | R991: =_xlfn.IFNA(VLOOKUP(P991,PGOPHER!A$2:G$181,7,FALSE),_xlfn.IFNA(VLOOKUP(P991,en!A$2:I$768,7,FALSE),-10000)) -> 979.30796 | S991: =IF(O991=O990,Q990+S990,Q991) -> 20026.285 | T991: =IF(O991=O990,T990+1,1) -> 1 | U991: =IF(O991=O992,"",S991/T991) | V991: =IF(U991="","",IF(ABS(Q991-U991)>V$1,"error",""))
A992: 18798.274 | B992: 0.005 | C992: 0.005 | D992: E | E992: 1 | F992: e | G992: 0 | H992: 17.5 | I992: X | J992: 1 | K992: e | L992: 0 | M992: 18.5 | N992: 11RaTeWa.SrH-221 | O992: =D992&"-"&E992&"-"&F992&"-"&G992&"-"&H992 -> E-1-e-0-17.5 | P992: =I992&"-"&J992&"-"&K992&"-"&L992&"-"&M992 -> X-1-e-0-18.5 | Q992: =A992+R992 -> 20026.283 | R992: =_xlfn.IFNA(VLOOKUP(P992,PGOPHER!A$2:G$181,7,FALSE),_xlfn.IFNA(VLOOKUP(P992,en!A$2:I$768,7,FALSE),-10000)) -> 1228.0093 | S992: =IF(O992=O991,Q991+S991,Q992) -> 40052.569 | T992: =IF(O992=O991,T991+1,1) -> 2 | U992: =IF(O992=O993,"",S992/T992) | V992: =IF(U992="","",IF(ABS(Q992-U992)>V$1,"error",""))
A993: 18800.492 | B993: 0.005 | C993: 0.005 | D993: E | E993: 1 | F993: e | G993: 0 | H993: 17.5 | I993: X | J993: 2 | K993: f | L993: 0 | M993: 17.5 | N993: 11RaTeWa.SrH-250 | O993: =D993&"-"&E993&"-"&F993&"-"&G993&"-"&H993 -> E-1-e-0-17.5 | P993: =I993&"-"&J993&"-"&K993&"-"&L993&"-"&M993 -> X-2-f-0-17.5 | Q993: =A993+R993 -> 20026.281 | R993: =_xlfn.IFNA(VLOOKUP(P993,PGOPHER!A$2:G$181,7,FALSE),_xlfn.IFNA(VLOOKUP(P993,en!A$2:I$768,7,FALSE),-10000)) -> 1225.7899 | S993: =IF(O993=O992,Q992+S992,Q993) -> 60078.852 | T993: =IF(O993=O992,T992+1,1) -> 3 | U993: =IF(O993=O994,"",S993/T993) -> 20026.284 | V993: =IF(U993="","",IF(ABS(Q993-U993)>V$1,"error",""))
A994: 18925.177 | B994: 0.005 | C994: 0.005 | D994: E | E994: 1 | F994: f | G994: 0 | H994: 17.5 | I994: X | J994: 1 | K994: e | L994: 0 | M994: 17.5 | N994: 11RaTeWa.SrH-304 | O994: =D994&"-"&E994&"-"&F994&"-"&G994&"-"&H994 -> E-1-f-0-17.5 | P994: =I994&"-"&J994&"-"&K994&"-"&L994&"-"&M994 -> X-1-e-0-17.5 | Q994: =A994+R994 -> 20025.449 | R994: =_xlfn.IFNA(VLOOKUP(P994,PGOPHER!A$2:G$181,7,FALSE),_xlfn.IFNA(VLOOKUP(P994,en!A$2:I$768,7,FALSE),-10000)) -> 1100.272 | S994: =IF(O994=O993,Q993+S993,Q994) -> 20025.449 | T994: =IF(O994=O993,T993+1,1) -> 1 | U994: =IF(O994=O995,"",S994/T994) | V994: =IF(U994="","",IF(ABS(Q994-U994)>V$1,"error",""))
A995: 18665.297 | B995: 0.025 | C995: 0.025 | D995: E | E995: 1 | F995: f | G995: 0 | H995: 17.5 | I995: X | J995: 2 | K995: f | L995: 0 | M995: 18.5 | N995: 11RaTeWa.SrH-272 | O995: =D995&"-"&E995&"-"&F995&"-"&G995&"-"&H995 -> E-1-f-0-17.5 | P995: =I995&"-"&J995&"-"&K995&"-"&L995&"-"&M995 -> X-2-f-0-18.5 | Q995: =A995+R995 -> 20025.442 | R995: =_xlfn.IFNA(VLOOKUP(P995,PGOPHER!A$2:G$181,7,FALSE),_xlfn.IFNA(VLOOKUP(P995,en!A$2:I$768,7,FALSE),-10000)) -> 1360.1445 | S995: =IF(O995=O994,Q994+S994,Q995) -> 40050.898 | T995: =IF(O995=O994,T994+1,1) -> 2 | U995: =IF(O995=O996,"",S995/T995) -> 20025.449 | V995: =IF(U995="","",IF(ABS(Q995-U995)>V$1,"error",""))
A996: 18972.568 | B996: 0.005 | C996: 0.005 | D996: E | E996: 2 | F996: e | G996: 0 | H996: 17.5 | I996: X | J996: 2 | K996: f | L996: 0 | M996: 17.5 | N996: 11RaTeWa.SrH-355 | O996: =D996&"-"&E996&"-"&F996&"-"&G996&"-"&H996 -> E-2-e-0-17.5 | P996: =I996&"-"&J996&"-"&K996&"-"&L996&"-"&M996 -> X-2-f-0-17.5 | Q996: =A996+R996 -> 20198.358 | R996: =_xlfn.IFNA(VLOOKUP(P996,PGOPHER!A$2:G$181,7,FALSE),_xlfn.IFNA(VLOOKUP(P996,en!A$2:I$768,7,FALSE),-10000)) -> 1225.7899 | S996: =IF(O996=O995,Q995+S995,Q996) -> 20198.358 | T996: =IF(O996=O995,T995+1,1) -> 1 | U996: =IF(O996=O997,"",S996/T996) | V996: =IF(U996="","",IF(ABS(Q996-U996)>V$1,"error",""))
A997: 19219.043 | B997: 0.005 | C997: 0.005 | D997: E | E997: 2 | F997: e | G997: 0 | H997: 17.5 | I997: X | J997: 1 | K997: e | L997: 0 | M997: 16.5 | N997: 11RaTeWa.SrH-327 | O997: =D997&"-"&E997&"-"&F997&"-"&G997&"-"&H997 -> E-2-e-0-17.5 | P997: =I997&"-"&J997&"-"&K997&"-"&L997&"-"&M997 -> X-1-e-0-16.5 | Q997: =A997+R997 -> 20198.351 | R997: =_xlfn.IFNA(VLOOKUP(P997,PGOPHER!A$2:G$181,7,FALSE),_xlfn.IFNA(VLOOKUP(P997,en!A$2:I$768,7,FALSE),-10000)) -> 979.30796 | S997: =IF(O997=O996,Q996+S996,Q997) -> 40396.715 | T997: =IF(O997=O996,T996+1,1) -> 2 | U997: =IF(O997=O998,"",S997/T997) -> 20198.358 | V997: =IF(U997="","",IF(ABS(Q997-U997)>V$1,"error",""))
A998: 19102.493 | B998: 0.005 | C998: 0.005 | D998: E | E998: 2 | F998: f | G998: 0 | H998: 17.5 | I998: X | J998: 2 | K998: f | L998: 0 | M998: 16.5 | N998: 11RaTeWa.SrH-383 | O998: =D998&"-"&E998&"-"&F998&"-"&G998&"-"&H998 -> E-2-f-0-17.5 | P998: =I998&"-"&J998&"-"&K998&"-"&L998&"-"&M998 -> X-2-f-0-16.5 | Q998: =A998+R998 -> 20200.658 | R998: =_xlfn.IFNA(VLOOKUP(P998,PGOPHER!A$2:G$181,7,FALSE),_xlfn.IFNA(VLOOKUP(P998,en!A$2:I$768,7,FALSE),-10000)) -> 1098.165 | S998: =IF(O998=O997,Q997+S997,Q998) -> 20200.658 | T998: =IF(O998=O997,T997+1,1) -> 1 | U998: =IF(O998=O999,"",S998/T998) | V998: =IF(U998="","",IF(ABS(Q998-U998)>V$1,"error",""))
A999: 18840.507 | B999: 0.005 | C999: 0.005 | D999: E | E999: 2 | F999: f | G999: 0 | H999: 17.5 | I999: X | J999: 2 | K999: f | L999: 0 | M999: 18.5 | N999: 11RaTeWa.SrH-412 | O999: =D999&"-"&E999&"-"&F999&"-"&G999&"-"&H999 -> E-2-f-0-17.5 | P999: =I999&"-"&J999&"-"&K999&"-"&L999&"-"&M999 -> X-2-f-0-18.5 | Q999: =A999+R999 -> 20200.651 | R999: =_xlfn.IFNA(VLOOKUP(P999,PGOPHER!A$2:G$181,7,FALSE),_xlfn.IFNA(VLOOKUP(P999,en!A$2:I$768,7,FALSE),-10000)) -> 1360.1445 | S999: =IF(O999=O998,Q998+S998,Q999) -> 40401.316 | T999: =IF(O999=O998,T998+1,1) -> 2 | U999: =IF(O999=O1000,"",S999/T999) | V999: =IF(U999="","",IF(ABS(Q999-U999)>V$1,"error",""))
A1000: 19100.385 | B1000: 0.005 | C1000: 0.005 | D1000: E | E1000: 2 | F1000: f | G1000: 0 | H1000: 17.5 | I1000: X | J1000: 1 | K1000: e | L1000: 0 | M1000: 17.5 | N1000: 11RaTeWa.SrH-436 | O1000: =D1000&"-"&E1000&"-"&F1000&"-"&G1000&"-"&H1000 -> E-2-f-0-17.5 | P1000: =I1000&"-"&J1000&"-"&K1000&"-"&L1000&"-"&M1000 -> X-1-e-0-17.5 | Q1000: =A1000+R1000 -> 20200.657 | R1000: =_xlfn.IFNA(VLOOKUP(P1000,PGOPHER!A$2:G$181,7,FALSE),_xlfn.IFNA(VLOOKUP(P1000,en!A$2:I$768,7,FALSE),-10000)) -> 1100.272 | S1000: =IF(O1000=O999,Q999+S999,Q1000) -> 60601.967 | T1000: =IF(O1000=O999,T999+1,1) -> 3 | U1000: =IF(O1000=O1001,"",S1000/T1000) -> 20200.656 | V1000: =IF(U1000="","",IF(ABS(Q1000-U1000)>V$1,"error",""))
A1001: 19087.395 | B1001: 0.005 | C1001: 0.005 | D1001: E | E1001: 2 | F1001: f | G1001: 1 | H1001: 17.5 | I1001: X | J1001: 2 | K1001: f | L1001: 1 | M1001: 16.5 | N1001: 11RaTeWa.SrH-157 | S1001: =IF(O1001=O1000,Q1000+S1000,Q1001) -> 0 | T1001: =IF(O1001=O1000,T1000+1,1) -> 1 | U1001: =IF(O1001=O1002,"",S1001/T1001) | V1001: =IF(U1001="","",IF(ABS(Q1001-U1001)>V$1,"error",""))
A1002: 18831.334 | B1002: 0.00608 | C1002: 0.00608 | D1002: E | E1002: 2 | F1002: f | G1002: 1 | H1002: 17.5 | I1002: X | J1002: 2 | K1002: f | L1002: 1 | M1002: 18.5 | N1002: 11RaTeWa.SrH-174 | S1002: =IF(O1002=O1001,Q1001+S1001,Q1002) -> 0 | T1002: =IF(O1002=O1001,T1001+1,1) -> 2 | U1002: =IF(O1002=O1003,"",S1002/T1002) | V1002: =IF(U1002="","",IF(ABS(Q1002-U1002)>V$1,"error",""))
A1003: 18786.934 | B1003: 0.005 | C1003: 0.005 | D1003: E | E1003: 1 | F1003: e | G1003: 1 | H1003: 17.5 | I1003: X | J1003: 1 | K1003: e | L1003: 1 | M1003: 18.5 | N1003: 11RaTeWa.SrH-17 | S1003: =IF(O1003=O1002,Q1002+S1002,Q1003) -> 0 | T1003: =IF(O1003=O1002,T1002+1,1) -> 3 | U1003: =IF(O1003=O1004,"",S1003/T1003) | V1003: =IF(U1003="","",IF(ABS(Q1003-U1003)>V$1,"error",""))
A1004: 19030.034 | B1004: 0.005 | C1004: 0.005 | D1004: E | E1004: 1 | F1004: e | G1004: 1 | H1004: 17.5 | I1004: X | J1004: 1 | K1004: e | L1004: 1 | M1004: 16.5 | N1004: 11RaTeWa.SrH-34 | S1004: =IF(O1004=O1003,Q1003+S1003,Q1004) -> 0 | T1004: =IF(O1004=O1003,T1003+1,1) -> 4 | U1004: =IF(O1004=O1005,"",S1004/T1004) | V1004: =IF(U1004="","",IF(ABS(Q1004-U1004)>V$1,"error",""))
A1005: 18911.138 | B1005: 0.105 | C1005: 0.105 | D1005: E | E1005: 1 | F1005: f | G1005: 1 | H1005: 17.5 | I1005: X | J1005: 1 | K1005: e | L1005: 1 | M1005: 17.5 | N1005: 11RaTeWa.SrH-81 | S1005: =IF(O1005=O1004,Q1004+S1004,Q1005) -> 0 | T1005: =IF(O1005=O1004,T1004+1,1) -> 5 | U1005: =IF(O1005=O1006,"",S1005/T1005) | V1005: =IF(U1005="","",IF(ABS(Q1005-U1005)>V$1,"error",""))
A1006: 18960.932 | B1006: 0.005 | C1006: 0.005 | D1006: E | E1006: 2 | F1006: e | G1006: 1 | H1006: 17.5 | I1006: X | J1006: 2 | K1006: f | L1006: 1 | M1006: 17.5 | N1006: 11RaTeWa.SrH-124 | S1006: =IF(O1006=O1005,Q1005+S1005,Q1006) -> 0 | T1006: =IF(O1006=O1005,T1005+1,1) -> 6 | U1006: =IF(O1006=O1007,"",S1006/T1006) | V1006: =IF(U1006="","",IF(ABS(Q1006-U1006)>V$1,"error",""))
A1007: 19085.363 | B1007: 0.00594 | C1007: 0.00594 | D1007: E | E1007: 2 | F1007: f | G1007: 1 | H1007: 17.5 | I1007: X | J1007: 1 | K1007: e | L1007: 1 | M1007: 17.5 | N1007: 11RaTeWa.SrH-140 | S1007: =IF(O1007=O1006,Q1006+S1006,Q1007) -> 0 | T1007: =IF(O1007=O1006,T1006+1,1) -> 7 | U1007: =IF(O1007=O1008,"",S1007/T1007) -> 0 | V1007: =IF(U1007="","",IF(ABS(Q1007-U1007)>V$1,"error",""))
A1008: 19058.181 | B1008: 0.005 | C1008: 0.005 | D1008: E | E1008: 1 | F1008: e | G1008: 0 | H1008: 18.5 | I1008: X | J1008: 1 | K1008: e | L1008: 0 | M1008: 17.5 | N1008: 11RaTeWa.SrH-191 | O1008: =D1008&"-"&E1008&"-"&F1008&"-"&G1008&"-"&H1008 -> E-1-e-0-18.5 | P1008: =I1008&"-"&J1008&"-"&K1008&"-"&L1008&"-"&M1008 -> X-1-e-0-17.5 | Q1008: =A1008+R1008 -> 20158.453 | R1008: =_xlfn.IFNA(VLOOKUP(P1008,PGOPHER!A$2:G$181,7,FALSE),_xlfn.IFNA(VLOOKUP(P1008,en!A$2:I$768,7,FALSE),-10000)) -> 1100.272 | S1008: =IF(O1008=O1007,Q1007+S1007,Q1008) -> 20158.453 | T1008: =IF(O1008=O1007,T1007+1,1) -> 1 | U1008: =IF(O1008=O1009,"",S1008/T1008) | V1008: =IF(U1008="","",IF(ABS(Q1008-U1008)>V$1,"error",""))
A1009: 18795.972 | B1009: 0.006553 | C1009: 0.006553 | D1009: E | E1009: 1 | F1009: e | G1009: 0 | H1009: 18.5 | I1009: X | J1009: 1 | K1009: e | L1009: 0 | M1009: 19.5 | N1009: 11RaTeWa.SrH-222 | O1009: =D1009&"-"&E1009&"-"&F1009&"-"&G1009&"-"&H1009 -> E-1-e-0-18.5 | P1009: =I1009&"-"&J1009&"-"&K1009&"-"&L1009&"-"&M1009 -> X-1-e-0-19.5 | Q1009: =A1009+R1009 -> 20158.447 | R1009: =_xlfn.IFNA(VLOOKUP(P1009,PGOPHER!A$2:G$181,7,FALSE),_xlfn.IFNA(VLOOKUP(P1009,en!A$2:I$768,7,FALSE),-10000)) -> 1362.4751 | S1009: =IF(O1009=O1008,Q1008+S1008,Q1009) -> 40316.906 | T1009: =IF(O1009=O1008,T1008+1,1) -> 2 | U1009: =IF(O1009=O1010,"",S1009/T1009) | V1009: =IF(U1009="","",IF(ABS(Q1009-U1009)>V$1,"error",""))
A1010: 18798.311 | B1010: 0.005825 | C1010: 0.005825 | D1010: E | E1010: 1 | F1010: e | G1010: 0 | H1010: 18.5 | I1010: X | J1010: 2 | K1010: f | L1010: 0 | M1010: 18.5 | N1010: 11RaTeWa.SrH-251 | O1010: =D1010&"-"&E1010&"-"&F1010&"-"&G1010&"-"&H1010 -> E-1-e-0-18.5 | P1010: =I1010&"-"&J1010&"-"&K1010&"-"&L1010&"-"&M1010 -> X-2-f-0-18.5 | Q1010: =A1010+R1010 -> 20158.455 | R1010: =_xlfn.IFNA(VLOOKUP(P1010,PGOPHER!A$2:G$181,7,FALSE),_xlfn.IFNA(VLOOKUP(P1010,en!A$2:I$768,7,FALSE),-10000)) -> 1360.1445 | S1010: =IF(O1010=O1009,Q1009+S1009,Q1010) -> 60475.353 | T1010: =IF(O1010=O1009,T1009+1,1) -> 3 | U1010: =IF(O1010=O1011,"",S1010/T1010) -> 20158.451 | V1010: =IF(U1010="","",IF(ABS(Q1010-U1010)>V$1,"error",""))
A1011: 18929.383 | B1011: 0.005 | C1011: 0.005 | D1011: E | E1011: 1 | F1011: f | G1011: 0 | H1011: 18.5 | I1011: X | J1011: 1 | K1011: e | L1011: 0 | M1011: 18.5 | N1011: 11RaTeWa.SrH-305 | O1011: =D1011&"-"&E1011&"-"&F1011&"-"&G1011&"-"&H1011 -> E-1-f-0-18.5 | P1011: =I1011&"-"&J1011&"-"&K1011&"-"&L1011&"-"&M1011 -> X-1-e-0-18.5 | Q1011: =A1011+R1011 -> 20157.392 | R1011: =_xlfn.IFNA(VLOOKUP(P1011,PGOPHER!A$2:G$181,7,FALSE),_xlfn.IFNA(VLOOKUP(P1011,en!A$2:I$768,7,FALSE),-10000)) -> 1228.0093 | S1011: =IF(O1011=O1010,Q1010+S1010,Q1011) -> 20157.392 | T1011: =IF(O1011=O1010,T1010+1,1) -> 1 | U1011: =IF(O1011=O1012,"",S1011/T1011) -> 20157.392 | V1011: =IF(U1011="","",IF(ABS(Q1011-U1011)>V$1,"error",""))
A1012: 18976.047 | B1012: 0.005 | C1012: 0.005 | D1012: E | E1012: 2 | F1012: e | G1012: 0 | H1012: 18.5 | I1012: X | J1012: 2 | K1012: f | L1012: 0 | M1012: 18.5 | N1012: 11RaTeWa.SrH-356 | O1012: =D1012&"-"&E1012&"-"&F1012&"-"&G1012&"-"&H1012 -> E-2-e-0-18.5 | P1012: =I1012&"-"&J1012&"-"&K1012&"-"&L1012&"-"&M1012 -> X-2-f-0-18.5 | Q1012: =A1012+R1012 -> 20336.192 | R1012: =_xlfn.IFNA(VLOOKUP(P1012,PGOPHER!A$2:G$181,7,FALSE),_xlfn.IFNA(VLOOKUP(P1012,en!A$2:I$768,7,FALSE),-10000)) -> 1360.1445 | S1012: =IF(O1012=O1011,Q1011+S1011,Q1012) -> 20336.192 | T1012: =IF(O1012=O1011,T1011+1,1) -> 1 | U1012: =IF(O1012=O1013,"",S1012/T1012) | V1012: =IF(U1012="","",IF(ABS(Q1012-U1012)>V$1,"error",""))
A1013: 19235.921 | B1013: 0.005 | C1013: 0.005 | D1013: E | E1013: 2 | F1013: e | G1013: 0 | H1013: 18.5 | I1013: X | J1013: 1 | K1013: e | L1013: 0 | M1013: 17.5 | N1013: 11RaTeWa.SrH-328 | O1013: =D1013&"-"&E1013&"-"&F1013&"-"&G1013&"-"&H1013 -> E-2-e-0-18.5 | P1013: =I1013&"-"&J1013&"-"&K1013&"-"&L1013&"-"&M1013 -> X-1-e-0-17.5 | Q1013: =A1013+R1013 -> 20336.193 | R1013: =_xlfn.IFNA(VLOOKUP(P1013,PGOPHER!A$2:G$181,7,FALSE),_xlfn.IFNA(VLOOKUP(P1013,en!A$2:I$768,7,FALSE),-10000)) -> 1100.272 | S1013: =IF(O1013=O1012,Q1012+S1012,Q1013) -> 40672.383 | T1013: =IF(O1013=O1012,T1012+1,1) -> 2 | U1013: =IF(O1013=O1014,"",S1013/T1013) -> 20336.192 | V1013: =IF(U1013="","",IF(ABS(Q1013-U1013)>V$1,"error",""))
A1014: 19112.978 | B1014: 0.005 | C1014: 0.005 | D1014: E | E1014: 2 | F1014: f | G1014: 0 | H1014: 18.5 | I1014: X | J1014: 2 | K1014: f | L1014: 0 | M1014: 17.5 | N1014: 11RaTeWa.SrH-384 | O1014: =D1014&"-"&E1014&"-"&F1014&"-"&G1014&"-"&H1014 -> E-2-f-0-18.5 | P1014: =I1014&"-"&J1014&"-"&K1014&"-"&L1014&"-"&M1014 -> X-2-f-0-17.5 | Q1014: =A1014+R1014 -> 20338.768 | R1014: =_xlfn.IFNA(VLOOKUP(P1014,PGOPHER!A$2:G$181,7,FALSE),_xlfn.IFNA(VLOOKUP(P1014,en!A$2:I$768,7,FALSE),-10000)) -> 1225.7899 | S1014: =IF(O1014=O1013,Q1013+S1013,Q1014) -> 20338.768 | T1014: =IF(O1014=O1013,T1013+1,1) -> 1 | U1014: =IF(O1014=O1015,"",S1014/T1014) | V1014: =IF(U1014="","",IF(ABS(Q1014-U1014)>V$1,"error",""))
A1015: 18837.594 | B1015: 0.025 | C1015: 0.025 | D1015: E | E1015: 2 | F1015: f | G1015: 0 | H1015: 18.5 | I1015: X | J1015: 2 | K1015: f | L1015: 0 | M1015: 19.5 | N1015: 11RaTeWa.SrH-413 | O1015: =D1015&"-"&E1015&"-"&F1015&"-"&G1015&"-"&H1015 -> E-2-f-0-18.5 | P1015: =I1015&"-"&J1015&"-"&K1015&"-"&L1015&"-"&M1015 -> X-2-f-0-19.5 | Q1015: =A1015+R1015 -> 20338.751 | R1015: =_xlfn.IFNA(VLOOKUP(P1015,PGOPHER!A$2:G$181,7,FALSE),_xlfn.IFNA(VLOOKUP(P1015,en!A$2:I$768,7,FALSE),-10000)) -> 1501.1573 | S1015: =IF(O1015=O1014,Q1014+S1014,Q1015) -> 40677.536 | T1015: =IF(O1015=O1014,T1014+1,1) -> 2 | U1015: =IF(O1015=O1016,"",S1015/T1015) | V1015: =IF(U1015="","",IF(ABS(Q1015-U1015)>V$1,"error",""))
A1016: 19110.757 | B1016: 0.005 | C1016: 0.005 | D1016: E | E1016: 2 | F1016: f | G1016: 0 | H1016: 18.5 | I1016: X | J1016: 1 | K1016: e | L1016: 0 | M1016: 18.5 | N1016: 11RaTeWa.SrH-437 | O1016: =D1016&"-"&E1016&"-"&F1016&"-"&G1016&"-"&H1016 -> E-2-f-0-18.5 | P1016: =I1016&"-"&J1016&"-"&K1016&"-"&L1016&"-"&M1016 -> X-1-e-0-18.5 | Q1016: =A1016+R1016 -> 20338.767 | R1016: =_xlfn.IFNA(VLOOKUP(P1016,PGOPHER!A$2:G$181,7,FALSE),_xlfn.IFNA(VLOOKUP(P1016,en!A$2:I$768,7,FALSE),-10000)) -> 1228.0093 | S1016: =IF(O1016=O1015,Q1015+S1015,Q1016) -> 61016.287 | T1016: =IF(O1016=O1015,T1015+1,1) -> 3 | U1016: =IF(O1016=O1017,"",S1016/T1016) -> 20338.762 | V1016: =IF(U1016="","",IF(ABS(Q1016-U1016)>V$1,"error",""))
A1017: 19096.676 | B1017: 0.055 | C1017: 0.055 | D1017: E | E1017: 2 | F1017: f | G1017: 1 | H1017: 18.5 | I1017: X | J1017: 2 | K1017: f | L1017: 1 | M1017: 17.5 | N1017: 11RaTeWa.SrH-158 | S1017: =IF(O1017=O1016,Q1016+S1016,Q1017) -> 0 | T1017: =IF(O1017=O1016,T1016+1,1) -> 1 | U1017: =IF(O1017=O1018,"",S1017/T1017) | V1017: =IF(U1017="","",IF(ABS(Q1017-U1017)>V$1,"error",""))
A1018: 18827.541 | B1018: 0.055 | C1018: 0.055 | D1018: E | E1018: 2 | F1018: f | G1018: 1 | H1018: 18.5 | I1018: X | J1018: 2 | K1018: f | L1018: 1 | M1018: 19.5 | N1018: 11RaTeWa.SrH-175 | S1018: =IF(O1018=O1017,Q1017+S1017,Q1018) -> 0 | T1018: =IF(O1018=O1017,T1017+1,1) -> 2 | U1018: =IF(O1018=O1019,"",S1018/T1018) | V1018: =IF(U1018="","",IF(ABS(Q1018-U1018)>V$1,"error",""))
A1019: 18914.687 | B1019: 0.055 | C1019: 0.055 | D1019: E | E1019: 1 | F1019: f | G1019: 1 | H1019: 18.5 | I1019: X | J1019: 1 | K1019: e | L1019: 1 | M1019: 18.5 | N1019: 11RaTeWa.SrH-82 | S1019: =IF(O1019=O1018,Q1018+S1018,Q1019) -> 0 | T1019: =IF(O1019=O1018,T1018+1,1) -> 3 | U1019: =IF(O1019=O1020,"",S1019/T1019) | V1019: =IF(U1019="","",IF(ABS(Q1019-U1019)>V$1,"error",""))
A1020: 19094.566 | B1020: 0.005 | C1020: 0.005 | D1020: E | E1020: 2 | F1020: f | G1020: 1 | H1020: 18.5 | I1020: X | J1020: 1 | K1020: e | L1020: 1 | M1020: 18.5 | N1020: 11RaTeWa.SrH-141 | S1020: =IF(O1020=O1019,Q1019+S1019,Q1020) -> 0 | T1020: =IF(O1020=O1019,T1019+1,1) -> 4 | U1020: =IF(O1020=O1021,"",S1020/T1020) -> 0 | V1020: =IF(U1020="","",IF(ABS(Q1020-U1020)>V$1,"error",""))
A1021: 19069.448 | B1021: 0.005 | C1021: 0.005 | D1021: E | E1021: 1 | F1021: e | G1021: 0 | H1021: 19.5 | I1021: X | J1021: 1 | K1021: e | L1021: 0 | M1021: 18.5 | N1021: 11RaTeWa.SrH-192 | O1021: =D1021&"-"&E1021&"-"&F1021&"-"&G1021&"-"&H1021 -> E-1-e-0-19.5 | P1021: =I1021&"-"&J1021&"-"&K1021&"-"&L1021&"-"&M1021 -> X-1-e-0-18.5 | Q1021: =A1021+R1021 -> 20297.457 | R1021: =_xlfn.IFNA(VLOOKUP(P1021,PGOPHER!A$2:G$181,7,FALSE),_xlfn.IFNA(VLOOKUP(P1021,en!A$2:I$768,7,FALSE),-10000)) -> 1228.0093 | S1021: =IF(O1021=O1020,Q1020+S1020,Q1021) -> 20297.457 | T1021: =IF(O1021=O1020,T1020+1,1) -> 1 | U1021: =IF(O1021=O1022,"",S1021/T1021) | V1021: =IF(U1021="","",IF(ABS(Q1021-U1021)>V$1,"error",""))
A1022: 18793.851 | B1022: 0.009543 | C1022: 0.009543 | D1022: E | E1022: 1 | F1022: e | G1022: 0 | H1022: 19.5 | I1022: X | J1022: 1 | K1022: e | L1022: 0 | M1022: 20.5 | N1022: 11RaTeWa.SrH-223 | O1022: =D1022&"-"&E1022&"-"&F1022&"-"&G1022&"-"&H1022 -> E-1-e-0-19.5 | P1022: =I1022&"-"&J1022&"-"&K1022&"-"&L1022&"-"&M1022 -> X-1-e-0-20.5 | Q1022: =A1022+R1022 -> 20297.449 | R1022: =_xlfn.IFNA(VLOOKUP(P1022,PGOPHER!A$2:G$181,7,FALSE),_xlfn.IFNA(VLOOKUP(P1022,en!A$2:I$768,7,FALSE),-10000)) -> 1503.5983 | S1022: =IF(O1022=O1021,Q1021+S1021,Q1022) -> 40594.914 | T1022: =IF(O1022=O1021,T1021+1,1) -> 2 | U1022: =IF(O1022=O1023,"",S1022/T1022) | V1022: =IF(U1022="","",IF(ABS(Q1022-U1022)>V$1,"error",""))
A1023: 18796.302 | B1023: 0.006051 | C1023: 0.006051 | D1023: E | E1023: 1 | F1023: e | G1023: 0 | H1023: 19.5 | I1023: X | J1023: 2 | K1023: f | L1023: 0 | M1023: 19.5 | N1023: 11RaTeWa.SrH-252 | O1023: =D1023&"-"&E1023&"-"&F1023&"-"&G1023&"-"&H1023 -> E-1-e-0-19.5 | P1023: =I1023&"-"&J1023&"-"&K1023&"-"&L1023&"-"&M1023 -> X-2-f-0-19.5 | Q1023: =A1023+R1023 -> 20297.46 | R1023: =_xlfn.IFNA(VLOOKUP(P1023,PGOPHER!A$2:G$181,7,FALSE),_xlfn.IFNA(VLOOKUP(P1023,en!A$2:I$768,7,FALSE),-10000)) -> 1501.1573 | S1023: =IF(O1023=O1022,Q1022+S1022,Q1023) -> 60892.363 | T1023: =IF(O1023=O1022,T1022+1,1) -> 3 | U1023: =IF(O1023=O1024,"",S1023/T1023) -> 20297.454 | V1023: =IF(U1023="","",IF(ABS(Q1023-U1023)>V$1,"error",""))
A1024: 18933.692 | B1024: 0.005 | C1024: 0.005 | D1024: E | E1024: 1 | F1024: f | G1024: 0 | H1024: 19.5 | I1024: X | J1024: 1 | K1024: e | L1024: 0 | M1024: 19.5 | N1024: 11RaTeWa.SrH-306 | O1024: =D1024&"-"&E1024&"-"&F1024&"-"&G1024&"-"&H1024 -> E-1-f-0-19.5 | P1024: =I1024&"-"&J1024&"-"&K1024&"-"&L1024&"-"&M1024 -> X-1-e-0-19.5 | Q1024: =A1024+R1024 -> 20296.167 | R1024: =_xlfn.IFNA(VLOOKUP(P1024,PGOPHER!A$2:G$181,7,FALSE),_xlfn.IFNA(VLOOKUP(P1024,en!A$2:I$768,7,FALSE),-10000)) -> 1362.4751 | S1024: =IF(O1024=O1023,Q1023+S1023,Q1024) -> 20296.167 | T1024: =IF(O1024=O1023,T1023+1,1) -> 1 | U1024: =IF(O1024=O1025,"",S1024/T1024) -> 20296.167 | V1024: =IF(U1024="","",IF(ABS(Q1024-U1024)>V$1,"error",""))
A1025: 18979.73 | B1025: 0.005 | C1025: 0.005 | D1025: E | E1025: 2 | F1025: e | G1025: 0 | H1025: 19.5 | I1025: X | J1025: 2 | K1025: f | L1025: 0 | M1025: 19.5 | N1025: 11RaTeWa.SrH-357 | O1025: =D1025&"-"&E1025&"-"&F1025&"-"&G1025&"-"&H1025 -> E-2-e-0-19.5 | P1025: =I1025&"-"&J1025&"-"&K1025&"-"&L1025&"-"&M1025 -> X-2-f-0-19.5 | Q1025: =A1025+R1025 -> 20480.887 | R1025: =_xlfn.IFNA(VLOOKUP(P1025,PGOPHER!A$2:G$181,7,FALSE),_xlfn.IFNA(VLOOKUP(P1025,en!A$2:I$768,7,FALSE),-10000)) -> 1501.1573 | S1025: =IF(O1025=O1024,Q1024+S1024,Q1025) -> 20480.887 | T1025: =IF(O1025=O1024,T1024+1,1) -> 1 | U1025: =IF(O1025=O1026,"",S1025/T1025) -> 20480.887 | V1025: =IF(U1025="","",IF(ABS(Q1025-U1025)>V$1,"error",""))
A1026: 19123.621 | B1026: 0.005 | C1026: 0.005 | D1026: E | E1026: 2 | F1026: f | G1026: 0 | H1026: 19.5 | I1026: X | J1026: 2 | K1026: f | L1026: 0 | M1026: 18.5 | N1026: 11RaTeWa.SrH-385 | O1026: =D1026&"-"&E1026&"-"&F1026&"-"&G1026&"-"&H1026 -> E-2-f-0-19.5 | P1026: =I1026&"-"&J1026&"-"&K1026&"-"&L1026&"-"&M1026 -> X-2-f-0-18.5 | Q1026: =A1026+R1026 -> 20483.765 | R1026: =_xlfn.IFNA(VLOOKUP(P1026,PGOPHER!A$2:G$181,7,FALSE),_xlfn.IFNA(VLOOKUP(P1026,en!A$2:I$768,7,FALSE),-10000)) -> 1360.1445 | S1026: =IF(O1026=O1025,Q1025+S1025,Q1026) -> 20483.765 | T1026: =IF(O1026=O1025,T1025+1,1) -> 1 | U1026: =IF(O1026=O1027,"",S1026/T1026) | V1026: =IF(U1026="","",IF(ABS(Q1026-U1026)>V$1,"error",""))
A1027: 18834.979 | B1027: 0.005 | C1027: 0.005 | D1027: E | E1027: 2 | F1027: f | G1027: 0 | H1027: 19.5 | I1027: X | J1027: 2 | K1027: f | L1027: 0 | M1027: 20.5 | N1027: 11RaTeWa.SrH-414 | O1027: =D1027&"-"&E1027&"-"&F1027&"-"&G1027&"-"&H1027 -> E-2-f-0-19.5 | P1027: =I1027&"-"&J1027&"-"&K1027&"-"&L1027&"-"&M1027 -> X-2-f-0-20.5 | Q1027: =A1027+R1027 -> 20483.761 | R1027: =_xlfn.IFNA(VLOOKUP(P1027,PGOPHER!A$2:G$181,7,FALSE),_xlfn.IFNA(VLOOKUP(P1027,en!A$2:I$768,7,FALSE),-10000)) -> 1648.7816 | S1027: =IF(O1027=O1026,Q1026+S1026,Q1027) -> 40967.531 | T1027: =IF(O1027=O1026,T1026+1,1) -> 2 | U1027: =IF(O1027=O1028,"",S1027/T1027) | V1027: =IF(U1027="","",IF(ABS(Q1027-U1027)>V$1,"error",""))
A1028: 19121.285 | B1028: 0.005 | C1028: 0.005 | D1028: E | E1028: 2 | F1028: f | G1028: 0 | H1028: 19.5 | I1028: X | J1028: 1 | K1028: e | L1028: 0 | M1028: 19.5 | N1028: 11RaTeWa.SrH-438 | O1028: =D1028&"-"&E1028&"-"&F1028&"-"&G1028&"-"&H1028 -> E-2-f-0-19.5 | P1028: =I1028&"-"&J1028&"-"&K1028&"-"&L1028&"-"&M1028 -> X-1-e-0-19.5 | Q1028: =A1028+R1028 -> 20483.76 | R1028: =_xlfn.IFNA(VLOOKUP(P1028,PGOPHER!A$2:G$181,7,FALSE),_xlfn.IFNA(VLOOKUP(P1028,en!A$2:I$768,7,FALSE),-10000)) -> 1362.4751 | S1028: =IF(O1028=O1027,Q1027+S1027,Q1028) -> 61451.291 | T1028: =IF(O1028=O1027,T1027+1,1) -> 3 | U1028: =IF(O1028=O1029,"",S1028/T1028) -> 20483.764 | V1028: =IF(U1028="","",IF(ABS(Q1028-U1028)>V$1,"error",""))
A1029: 18918.262 | B1029: 0.055 | C1029: 0.055 | D1029: E | E1029: 1 | F1029: f | G1029: 1 | H1029: 19.5 | I1029: X | J1029: 1 | K1029: e | L1029: 1 | M1029: 19.5 | N1029: 11RaTeWa.SrH-83 | S1029: =IF(O1029=O1028,Q1028+S1028,Q1029) -> 0 | T1029: =IF(O1029=O1028,T1028+1,1) -> 1 | U1029: =IF(O1029=O1030,"",S1029/T1029) -> 0 | V1029: =IF(U1029="","",IF(ABS(Q1029-U1029)>V$1,"error",""))
A1030: 19080.773 | B1030: 0.015 | C1030: 0.015 | D1030: E | E1030: 1 | F1030: e | G1030: 0 | H1030: 20.5 | I1030: X | J1030: 1 | K1030: e | L1030: 0 | M1030: 19.5 | N1030: 11RaTeWa.SrH-193 | O1030: =D1030&"-"&E1030&"-"&F1030&"-"&G1030&"-"&H1030 -> E-1-e-0-20.5 | P1030: =I1030&"-"&J1030&"-"&K1030&"-"&L1030&"-"&M1030 -> X-1-e-0-19.5 | Q1030: =A1030+R1030 -> 20443.248 | R1030: =_xlfn.IFNA(VLOOKUP(P1030,PGOPHER!A$2:G$181,7,FALSE),_xlfn.IFNA(VLOOKUP(P1030,en!A$2:I$768,7,FALSE),-10000)) -> 1362.4751 | S1030: =IF(O1030=O1029,Q1029+S1029,Q1030) -> 20443.248 | T1030: =IF(O1030=O1029,T1029+1,1) -> 1 | U1030: =IF(O1030=O1031,"",S1030/T1030) | V1030: =IF(U1030="","",IF(ABS(Q1030-U1030)>V$1,"error",""))
A1031: 18791.913 | B1031: 0.005 | C1031: 0.005 | D1031: E | E1031: 1 | F1031: e | G1031: 0 | H1031: 20.5 | I1031: X | J1031: 1 | K1031: e | L1031: 0 | M1031: 21.5 | N1031: 11RaTeWa.SrH-224 | O1031: =D1031&"-"&E1031&"-"&F1031&"-"&G1031&"-"&H1031 -> E-1-e-0-20.5 | P1031: =I1031&"-"&J1031&"-"&K1031&"-"&L1031&"-"&M1031 -> X-1-e-0-21.5 | Q1031: =A1031+R1031 -> 20443.242 | R1031: =_xlfn.IFNA(VLOOKUP(P1031,PGOPHER!A$2:G$181,7,FALSE),_xlfn.IFNA(VLOOKUP(P1031,en!A$2:I$768,7,FALSE),-10000)) -> 1651.3292 | S1031: =IF(O1031=O1030,Q1030+S1030,Q1031) -> 40886.496 | T1031: =IF(O1031=O1030,T1030+1,1) -> 2 | U1031: =IF(O1031=O1032,"",S1031/T1031) | V1031: =IF(U1031="","",IF(ABS(Q1031-U1031)>V$1,"error",""))
A1032: 18794.46 | B1032: 0.005 | C1032: 0.005 | D1032: E | E1032: 1 | F1032: e | G1032: 0 | H1032: 20.5 | I1032: X | J1032: 2 | K1032: f | L1032: 0 | M1032: 20.5 | N1032: 11RaTeWa.SrH-253 | O1032: =D1032&"-"&E1032&"-"&F1032&"-"&G1032&"-"&H1032 -> E-1-e-0-20.5 | P1032: =I1032&"-"&J1032&"-"&K1032&"-"&L1032&"-"&M1032 -> X-2-f-0-20.5 | Q1032: =A1032+R1032 -> 20443.241 | R1032: =_xlfn.IFNA(VLOOKUP(P1032,PGOPHER!A$2:G$181,7,FALSE),_xlfn.IFNA(VLOOKUP(P1032,en!A$2:I$768,7,FALSE),-10000)) -> 1648.7816 | S1032: =IF(O1032=O1031,Q1031+S1031,Q1032) -> 61329.739 | T1032: =IF(O1032=O1031,T1031+1,1) -> 3 | U1032: =IF(O1032=O1033,"",S1032/T1032) -> 20443.246 | V1032: =IF(U1032="","",IF(ABS(Q1032-U1032)>V$1,"error",""))
A1033: 18938.106 | B1033: 0.005 | C1033: 0.005 | D1033: E | E1033: 1 | F1033: f | G1033: 0 | H1033: 20.5 | I1033: X | J1033: 1 | K1033: e | L1033: 0 | M1033: 20.5 | N1033: 11RaTeWa.SrH-307 | O1033: =D1033&"-"&E1033&"-"&F1033&"-"&G1033&"-"&H1033 -> E-1-f-0-20.5 | P1033: =I1033&"-"&J1033&"-"&K1033&"-"&L1033&"-"&M1033 -> X-1-e-0-20.5 | Q1033: =A1033+R1033 -> 20441.705 | R1033: =_xlfn.IFNA(VLOOKUP(P1033,PGOPHER!A$2:G$181,7,FALSE),_xlfn.IFNA(VLOOKUP(P1033,en!A$2:I$768,7,FALSE),-10000)) -> 1503.5983 | S1033: =IF(O1033=O1032,Q1032+S1032,Q1033) -> 20441.705 | T1033: =IF(O1033=O1032,T1032+1,1) -> 1 | U1033: =IF(O1033=O1034,"",S1033/T1033) -> 20441.705 | V1033: =IF(U1033="","",IF(ABS(Q1033-U1033)>V$1,"error",""))
A1034: 18983.599 | B1034: 0.005 | C1034: 0.005 | D1034: E | E1034: 2 | F1034: e | G1034: 0 | H1034: 20.5 | I1034: X | J1034: 2 | K1034: f | L1034: 0 | M1034: 20.5 | N1034: 11RaTeWa.SrH-358 | O1034: =D1034&"-"&E1034&"-"&F1034&"-"&G1034&"-"&H1034 -> E-2-e-0-20.5 | P1034: =I1034&"-"&J1034&"-"&K1034&"-"&L1034&"-"&M1034 -> X-2-f-0-20.5 | Q1034: =A1034+R1034 -> 20632.38 | R1034: =_xlfn.IFNA(VLOOKUP(P1034,PGOPHER!A$2:G$181,7,FALSE),_xlfn.IFNA(VLOOKUP(P1034,en!A$2:I$768,7,FALSE),-10000)) -> 1648.7816 | S1034: =IF(O1034=O1033,Q1033+S1033,Q1034) -> 20632.38 | T1034: =IF(O1034=O1033,T1033+1,1) -> 1 | U1034: =IF(O1034=O1035,"",S1034/T1034) -> 20632.38 | V1034: =IF(U1034="","",IF(ABS(Q1034-U1034)>V$1,"error",""))
A1035: 19134.393 | B1035: 0.0079 | C1035: 0.0079 | D1035: E | E1035: 2 | F1035: f | G1035: 0 | H1035: 20.5 | I1035: X | J1035: 2 | K1035: f | L1035: 0 | M1035: 19.5 | N1035: 11RaTeWa.SrH-386 | O1035: =D1035&"-"&E1035&"-"&F1035&"-"&G1035&"-"&H1035 -> E-2-f-0-20.5 | P1035: =I1035&"-"&J1035&"-"&K1035&"-"&L1035&"-"&M1035 -> X-2-f-0-19.5 | Q1035: =A1035+R1035 -> 20635.551 | R1035: =_xlfn.IFNA(VLOOKUP(P1035,PGOPHER!A$2:G$181,7,FALSE),_xlfn.IFNA(VLOOKUP(P1035,en!A$2:I$768,7,FALSE),-10000)) -> 1501.1573 | S1035: =IF(O1035=O1034,Q1034+S1034,Q1035) -> 20635.551 | T1035: =IF(O1035=O1034,T1034+1,1) -> 1 | U1035: =IF(O1035=O1036,"",S1035/T1035) | V1035: =IF(U1035="","",IF(ABS(Q1035-U1035)>V$1,"error",""))
A1036: 18832.608 | B1036: 0.005 | C1036: 0.005 | D1036: E | E1036: 2 | F1036: f | G1036: 0 | H1036: 20.5 | I1036: X | J1036: 2 | K1036: f | L1036: 0 | M1036: 21.5 | N1036: 11RaTeWa.SrH-415 | O1036: =D1036&"-"&E1036&"-"&F1036&"-"&G1036&"-"&H1036 -> E-2-f-0-20.5 | P1036: =I1036&"-"&J1036&"-"&K1036&"-"&L1036&"-"&M1036 -> X-2-f-0-21.5 | Q1036: =A1036+R1036 -> 20635.544 | R1036: =_xlfn.IFNA(VLOOKUP(P1036,PGOPHER!A$2:G$181,7,FALSE),_xlfn.IFNA(VLOOKUP(P1036,en!A$2:I$768,7,FALSE),-10000)) -> 1802.9362 | S1036: =IF(O1036=O1035,Q1035+S1035,Q1036) -> 41271.101 | T1036: =IF(O1036=O1035,T1035+1,1) -> 2 | U1036: =IF(O1036=O1037,"",S1036/T1036) | V1036: =IF(U1036="","",IF(ABS(Q1036-U1036)>V$1,"error",""))
A1037: 19131.935 | B1037: 0.0179 | C1037: 0.0179 | D1037: E | E1037: 2 | F1037: f | G1037: 0 | H1037: 20.5 | I1037: X | J1037: 1 | K1037: e | L1037: 0 | M1037: 20.5 | N1037: 11RaTeWa.SrH-439 | O1037: =D1037&"-"&E1037&"-"&F1037&"-"&G1037&"-"&H1037 -> E-2-f-0-20.5 | P1037: =I1037&"-"&J1037&"-"&K1037&"-"&L1037&"-"&M1037 -> X-1-e-0-20.5 | Q1037: =A1037+R1037 -> 20635.533 | R1037: =_xlfn.IFNA(VLOOKUP(P1037,PGOPHER!A$2:G$181,7,FALSE),_xlfn.IFNA(VLOOKUP(P1037,en!A$2:I$768,7,FALSE),-10000)) -> 1503.5983 | S1037: =IF(O1037=O1036,Q1036+S1036,Q1037) -> 61906.646 | T1037: =IF(O1037=O1036,T1036+1,1) -> 3 | U1037: =IF(O1037=O1038,"",S1037/T1037) -> 20635.549 | V1037: =IF(U1037="","",IF(ABS(Q1037-U1037)>V$1,"error",""))
A1038: 18921.896 | B1038: 0.005 | C1038: 0.005 | D1038: E | E1038: 1 | F1038: f | G1038: 1 | H1038: 20.5 | I1038: X | J1038: 1 | K1038: e | L1038: 1 | M1038: 20.5 | N1038: 11RaTeWa.SrH-84 | S1038: =IF(O1038=O1037,Q1037+S1037,Q1038) -> 0 | T1038: =IF(O1038=O1037,T1037+1,1) -> 1 | U1038: =IF(O1038=O1039,"",S1038/T1038) -> 0 | V1038: =IF(U1038="","",IF(ABS(Q1038-U1038)>V$1,"error",""))
A1039: 18790.148 | B1039: 0.005 | C1039: 0.005 | D1039: E | E1039: 1 | F1039: e | G1039: 0 | H1039: 21.5 | I1039: X | J1039: 1 | K1039: e | L1039: 0 | M1039: 22.5 | N1039: 11RaTeWa.SrH-225 | O1039: =D1039&"-"&E1039&"-"&F1039&"-"&G1039&"-"&H1039 -> E-1-e-0-21.5 | P1039: =I1039&"-"&J1039&"-"&K1039&"-"&L1039&"-"&M1039 -> X-1-e-0-22.5 | Q1039: =A1039+R1039 -> 20595.741 | R1039: =_xlfn.IFNA(VLOOKUP(P1039,PGOPHER!A$2:G$181,7,FALSE),_xlfn.IFNA(VLOOKUP(P1039,en!A$2:I$768,7,FALSE),-10000)) -> 1805.5936 | S1039: =IF(O1039=O1038,Q1038+S1038,Q1039) -> 20595.741 | T1039: =IF(O1039=O1038,T1038+1,1) -> 1 | U1039: =IF(O1039=O1040,"",S1039/T1039) | V1039: =IF(U1039="","",IF(ABS(Q1039-U1039)>V$1,"error",""))
A1040: 19092.168 | B1040: 0.055 | C1040: 0.055 | D1040: E | E1040: 1 | F1040: e | G1040: 0 | H1040: 21.5 | I1040: X | J1040: 1 | K1040: e | L1040: 0 | M1040: 20.5 | N1040: 11RaTeWa.SrH-194 | O1040: =D1040&"-"&E1040&"-"&F1040&"-"&G1040&"-"&H1040 -> E-1-e-0-21.5 | P1040: =I1040&"-"&J1040&"-"&K1040&"-"&L1040&"-"&M1040 -> X-1-e-0-20.5 | Q1040: =A1040+R1040 -> 20595.766 | R1040: =_xlfn.IFNA(VLOOKUP(P1040,PGOPHER!A$2:G$181,7,FALSE),_xlfn.IFNA(VLOOKUP(P1040,en!A$2:I$768,7,FALSE),-10000)) -> 1503.5983 | S1040: =IF(O1040=O1039,Q1039+S1039,Q1040) -> 41191.482 | T1040: =IF(O1040=O1039,T1039+1,1) -> 2 | U1040: =IF(O1040=O1041,"",S1040/T1040) -> 20595.741 | V1040: =IF(U1040="","",IF(ABS(Q1040-U1040)>V$1,"error",""))
A1041: 18942.6 | B1041: 0.025 | C1041: 0.025 | D1041: E | E1041: 1 | F1041: f | G1041: 0 | H1041: 21.5 | I1041: X | J1041: 1 | K1041: e | L1041: 0 | M1041: 21.5 | N1041: 11RaTeWa.SrH-308 | O1041: =D1041&"-"&E1041&"-"&F1041&"-"&G1041&"-"&H1041 -> E-1-f-0-21.5 | P1041: =I1041&"-"&J1041&"-"&K1041&"-"&L1041&"-"&M1041 -> X-1-e-0-21.5 | Q1041: =A1041+R1041 -> 20593.929 | R1041: =_xlfn.IFNA(VLOOKUP(P1041,PGOPHER!A$2:G$181,7,FALSE),_xlfn.IFNA(VLOOKUP(P1041,en!A$2:I$768,7,FALSE),-10000)) -> 1651.3292 | S1041: =IF(O1041=O1040,Q1040+S1040,Q1041) -> 20593.929 | T1041: =IF(O1041=O1040,T1040+1,1) -> 1 | U1041: =IF(O1041=O1042,"",S1041/T1041) -> 20593.929 | V1041: =IF(U1041="","",IF(ABS(Q1041-U1041)>V$1,"error",""))
A1042: 18987.644 | B1042: 0.005 | C1042: 0.005 | D1042: E | E1042: 2 | F1042: e | G1042: 0 | H1042: 21.5 | I1042: X | J1042: 2 | K1042: f | L1042: 0 | M1042: 21.5 | N1042: 11RaTeWa.SrH-359 | O1042: =D1042&"-"&E1042&"-"&F1042&"-"&G1042&"-"&H1042 -> E-2-e-0-21.5 | P1042: =I1042&"-"&J1042&"-"&K1042&"-"&L1042&"-"&M1042 -> X-2-f-0-21.5 | Q1042: =A1042+R1042 -> 20790.58 | R1042: =_xlfn.IFNA(VLOOKUP(P1042,PGOPHER!A$2:G$181,7,FALSE),_xlfn.IFNA(VLOOKUP(P1042,en!A$2:I$768,7,FALSE),-10000)) -> 1802.9362 | S1042: =IF(O1042=O1041,Q1041+S1041,Q1042) -> 20790.58 | T1042: =IF(O1042=O1041,T1041+1,1) -> 1 | U1042: =IF(O1042=O1043,"",S1042/T1042) -> 20790.58 | V1042: =IF(U1042="","",IF(ABS(Q1042-U1042)>V$1,"error",""))
A1043: 19145.288 | B1043: 0.0098 | C1043: 0.0098 | D1043: E | E1043: 2 | F1043: f | G1043: 0 | H1043: 21.5 | I1043: X | J1043: 2 | K1043: f | L1043: 0 | M1043: 20.5 | N1043: 11RaTeWa.SrH-387 | O1043: =D1043&"-"&E1043&"-"&F1043&"-"&G1043&"-"&H1043 -> E-2-f-0-21.5 | P1043: =I1043&"-"&J1043&"-"&K1043&"-"&L1043&"-"&M1043 -> X-2-f-0-20.5 | Q1043: =A1043+R1043 -> 20794.07 | R1043: =_xlfn.IFNA(VLOOKUP(P1043,PGOPHER!A$2:G$181,7,FALSE),_xlfn.IFNA(VLOOKUP(P1043,en!A$2:I$768,7,FALSE),-10000)) -> 1648.7816 | S1043: =IF(O1043=O1042,Q1042+S1042,Q1043) -> 20794.07 | T1043: =IF(O1043=O1042,T1042+1,1) -> 1 | U1043: =IF(O1043=O1044,"",S1043/T1043) | V1043: =IF(U1043="","",IF(ABS(Q1043-U1043)>V$1,"error",""))
A1044: 18830.487 | B1044: 0.005 | C1044: 0.005 | D1044: E | E1044: 2 | F1044: f | G1044: 0 | H1044: 21.5 | I1044: X | J1044: 2 | K1044: f | L1044: 0 | M1044: 22.5 | N1044: 11RaTeWa.SrH-416 | O1044: =D1044&"-"&E1044&"-"&F1044&"-"&G1044&"-"&H1044 -> E-2-f-0-21.5 | P1044: =I1044&"-"&J1044&"-"&K1044&"-"&L1044&"-"&M1044 -> X-2-f-0-22.5 | Q1044: =A1044+R1044 -> 20794.061 | R1044: =_xlfn.IFNA(VLOOKUP(P1044,PGOPHER!A$2:G$181,7,FALSE),_xlfn.IFNA(VLOOKUP(P1044,en!A$2:I$768,7,FALSE),-10000)) -> 1963.574 | S1044: =IF(O1044=O1043,Q1043+S1043,Q1044) -> 41588.14 | T1044: =IF(O1044=O1043,T1043+1,1) -> 2 | U1044: =IF(O1044=O1045,"",S1044/T1044) | V1044: =IF(U1044="","",IF(ABS(Q1044-U1044)>V$1,"error",""))
A1045: 19142.731 | B1045: 0.007512 | C1045: 0.007512 | D1045: E | E1045: 2 | F1045: f | G1045: 0 | H1045: 21.5 | I1045: X | J1045: 1 | K1045: e | L1045: 0 | M1045: 21.5 | N1045: 11RaTeWa.SrH-440 | O1045: =D1045&"-"&E1045&"-"&F1045&"-"&G1045&"-"&H1045 -> E-2-f-0-21.5 | P1045: =I1045&"-"&J1045&"-"&K1045&"-"&L1045&"-"&M1045 -> X-1-e-0-21.5 | Q1045: =A1045+R1045 -> 20794.06 | R1045: =_xlfn.IFNA(VLOOKUP(P1045,PGOPHER!A$2:G$181,7,FALSE),_xlfn.IFNA(VLOOKUP(P1045,en!A$2:I$768,7,FALSE),-10000)) -> 1651.3292 | S1045: =IF(O1045=O1044,Q1044+S1044,Q1045) -> 62382.2 | T1045: =IF(O1045=O1044,T1044+1,1) -> 3 | U1045: =IF(O1045=O1046,"",S1045/T1045) -> 20794.067 | V1045: =IF(U1045="","",IF(ABS(Q1045-U1045)>V$1,"error",""))
A1046: 18925.57 | B1046: 0.005 | C1046: 0.005 | D1046: E | E1046: 1 | F1046: f | G1046: 1 | H1046: 21.5 | I1046: X | J1046: 1 | K1046: e | L1046: 1 | M1046: 21.5 | N1046: 11RaTeWa.SrH-85 | S1046: =IF(O1046=O1045,Q1045+S1045,Q1046) -> 0 | T1046: =IF(O1046=O1045,T1045+1,1) -> 1 | U1046: =IF(O1046=O1047,"",S1046/T1046) -> 0 | V1046: =IF(U1046="","",IF(ABS(Q1046-U1046)>V$1,"error",""))
A1047: 19103.571 | B1047: 0.006222 | C1047: 0.006222 | D1047: E | E1047: 1 | F1047: e | G1047: 0 | H1047: 22.5 | I1047: X | J1047: 1 | K1047: e | L1047: 0 | M1047: 21.5 | N1047: 11RaTeWa.SrH-195 | O1047: =D1047&"-"&E1047&"-"&F1047&"-"&G1047&"-"&H1047 -> E-1-e-0-22.5 | P1047: =I1047&"-"&J1047&"-"&K1047&"-"&L1047&"-"&M1047 -> X-1-e-0-21.5 | Q1047: =A1047+R1047 -> 20754.9 | R1047: =_xlfn.IFNA(VLOOKUP(P1047,PGOPHER!A$2:G$181,7,FALSE),_xlfn.IFNA(VLOOKUP(P1047,en!A$2:I$768,7,FALSE),-10000)) -> 1651.3292 | S1047: =IF(O1047=O1046,Q1046+S1046,Q1047) -> 20754.9 | T1047: =IF(O1047=O1046,T1046+1,1) -> 1 | U1047: =IF(O1047=O1048,"",S1047/T1047) | V1047: =IF(U1047="","",IF(ABS(Q1047-U1047)>V$1,"error",""))
A1048: 18788.556 | B1048: 0.006055 | C1048: 0.006055 | D1048: E | E1048: 1 | F1048: e | G1048: 0 | H1048: 22.5 | I1048: X | J1048: 1 | K1048: e | L1048: 0 | M1048: 23.5 | N1048: 11RaTeWa.SrH-226 | O1048: =D1048&"-"&E1048&"-"&F1048&"-"&G1048&"-"&H1048 -> E-1-e-0-22.5 | P1048: =I1048&"-"&J1048&"-"&K1048&"-"&L1048&"-"&M1048 -> X-1-e-0-23.5 | Q1048: =A1048+R1048 -> 20754.89 | R1048: =_xlfn.IFNA(VLOOKUP(P1048,PGOPHER!A$2:G$181,7,FALSE),_xlfn.IFNA(VLOOKUP(P1048,en!A$2:I$768,7,FALSE),-10000)) -> 1966.3337 | S1048: =IF(O1048=O1047,Q1047+S1047,Q1048) -> 41509.8 | T1048: =IF(O1048=O1047,T1047+1,1) -> 2 | U1048: =IF(O1048=O1049,"",S1048/T1048) | V1048: =IF(U1048="","",IF(ABS(Q1048-U1048)>V$1,"error",""))
A1049: 18791.293 | B1049: 0.055 | C1049: 0.055 | D1049: E | E1049: 1 | F1049: e | G1049: 0 | H1049: 22.5 | I1049: X | J1049: 2 | K1049: f | L1049: 0 | M1049: 22.5 | N1049: 11RaTeWa.SrH-254 | O1049: =D1049&"-"&E1049&"-"&F1049&"-"&G1049&"-"&H1049 -> E-1-e-0-22.5 | P1049: =I1049&"-"&J1049&"-"&K1049&"-"&L1049&"-"&M1049 -> X-2-f-0-22.5 | Q1049: =A1049+R1049 -> 20754.867 | R1049: =_xlfn.IFNA(VLOOKUP(P1049,PGOPHER!A$2:G$181,7,FALSE),_xlfn.IFNA(VLOOKUP(P1049,en!A$2:I$768,7,FALSE),-10000)) -> 1963.574 | S1049: =IF(O1049=O1048,Q1048+S1048,Q1049) -> 62264.69 | T1049: =IF(O1049=O1048,T1048+1,1) -> 3 | U1049: =IF(O1049=O1050,"",S1049/T1049) -> 20754.897 | V1049: =IF(U1049="","",IF(ABS(Q1049-U1049)>V$1,"error",""))
A1050: 18947.252 | B1050: 0.025 | C1050: 0.025 | D1050: E | E1050: 1 | F1050: f | G1050: 0 | H1050: 22.5 | I1050: X | J1050: 1 | K1050: e | L1050: 0 | M1050: 22.5 | N1050: 11RaTeWa.SrH-309 | O1050: =D1050&"-"&E1050&"-"&F1050&"-"&G1050&"-"&H1050 -> E-1-f-0-22.5 | P1050: =I1050&"-"&J1050&"-"&K1050&"-"&L1050&"-"&M1050 -> X-1-e-0-22.5 | Q1050: =A1050+R1050 -> 20752.845 | R1050: =_xlfn.IFNA(VLOOKUP(P1050,PGOPHER!A$2:G$181,7,FALSE),_xlfn.IFNA(VLOOKUP(P1050,en!A$2:I$768,7,FALSE),-10000)) -> 1805.5936 | S1050: =IF(O1050=O1049,Q1049+S1049,Q1050) -> 20752.845 | T1050: =IF(O1050=O1049,T1049+1,1) -> 1 | U1050: =IF(O1050=O1051,"",S1050/T1050) -> 20752.845 | V1050: =IF(U1050="","",IF(ABS(Q1050-U1050)>V$1,"error",""))
A1051: 18991.837 | B1051: 0.005 | C1051: 0.005 | D1051: E | E1051: 2 | F1051: e | G1051: 0 | H1051: 22.5 | I1051: X | J1051: 2 | K1051: f | L1051: 0 | M1051: 22.5 | N1051: 11RaTeWa.SrH-360 | O1051: =D1051&"-"&E1051&"-"&F1051&"-"&G1051&"-"&H1051 -> E-2-e-0-22.5 | P1051: =I1051&"-"&J1051&"-"&K1051&"-"&L1051&"-"&M1051 -> X-2-f-0-22.5 | Q1051: =A1051+R1051 -> 20955.411 | R1051: =_xlfn.IFNA(VLOOKUP(P1051,PGOPHER!A$2:G$181,7,FALSE),_xlfn.IFNA(VLOOKUP(P1051,en!A$2:I$768,7,FALSE),-10000)) -> 1963.574 | S1051: =IF(O1051=O1050,Q1050+S1050,Q1051) -> 20955.411 | T1051: =IF(O1051=O1050,T1050+1,1) -> 1 | U1051: =IF(O1051=O1052,"",S1051/T1051) -> 20955.411 | V1051: =IF(U1051="","",IF(ABS(Q1051-U1051)>V$1,"error",""))
A1052: 19156.286 | B1052: 0.005 | C1052: 0.005 | D1052: E | E1052: 2 | F1052: f | G1052: 0 | H1052: 22.5 | I1052: X | J1052: 2 | K1052: f | L1052: 0 | M1052: 21.5 | N1052: 11RaTeWa.SrH-388 | O1052: =D1052&"-"&E1052&"-"&F1052&"-"&G1052&"-"&H1052 -> E-2-f-0-22.5 | P1052: =I1052&"-"&J1052&"-"&K1052&"-"&L1052&"-"&M1052 -> X-2-f-0-21.5 | Q1052: =A1052+R1052 -> 20959.222 | R1052: =_xlfn.IFNA(VLOOKUP(P1052,PGOPHER!A$2:G$181,7,FALSE),_xlfn.IFNA(VLOOKUP(P1052,en!A$2:I$768,7,FALSE),-10000)) -> 1802.9362 | S1052: =IF(O1052=O1051,Q1051+S1051,Q1052) -> 20959.222 | T1052: =IF(O1052=O1051,T1051+1,1) -> 1 | U1052: =IF(O1052=O1053,"",S1052/T1052) | V1052: =IF(U1052="","",IF(ABS(Q1052-U1052)>V$1,"error",""))
A1053: 18828.61 | B1053: 0.005 | C1053: 0.005 | D1053: E | E1053: 2 | F1053: f | G1053: 0 | H1053: 22.5 | I1053: X | J1053: 2 | K1053: f | L1053: 0 | M1053: 23.5 | N1053: 11RaTeWa.SrH-417 | O1053: =D1053&"-"&E1053&"-"&F1053&"-"&G1053&"-"&H1053 -> E-2-f-0-22.5 | P1053: =I1053&"-"&J1053&"-"&K1053&"-"&L1053&"-"&M1053 -> X-2-f-0-23.5 | Q1053: =A1053+R1053 -> 20959.215 | R1053: =_xlfn.IFNA(VLOOKUP(P1053,PGOPHER!A$2:G$181,7,FALSE),_xlfn.IFNA(VLOOKUP(P1053,en!A$2:I$768,7,FALSE),-10000)) -> 2130.6051 | S1053: =IF(O1053=O1052,Q1052+S1052,Q1053) -> 41918.444 | T1053: =IF(O1053=O1052,T1052+1,1) -> 2 | U1053: =IF(O1053=O1054,"",S1053/T1053) | V1053: =IF(U1053="","",IF(ABS(Q1053-U1053)>V$1,"error",""))
A1054: 19153.628 | B1054: 0.015 | C1054: 0.015 | D1054: E | E1054: 2 | F1054: f | G1054: 0 | H1054: 22.5 | I1054: X | J1054: 1 | K1054: e | L1054: 0 | M1054: 22.5 | N1054: 11RaTeWa.SrH-441 | O1054: =D1054&"-"&E1054&"-"&F1054&"-"&G1054&"-"&H1054 -> E-2-f-0-22.5 | P1054: =I1054&"-"&J1054&"-"&K1054&"-"&L1054&"-"&M1054 -> X-1-e-0-22.5 | Q1054: =A1054+R1054 -> 20959.222 | R1054: =_xlfn.IFNA(VLOOKUP(P1054,PGOPHER!A$2:G$181,7,FALSE),_xlfn.IFNA(VLOOKUP(P1054,en!A$2:I$768,7,FALSE),-10000)) -> 1805.5936 | S1054: =IF(O1054=O1053,Q1053+S1053,Q1054) -> 62877.659 | T1054: =IF(O1054=O1053,T1053+1,1) -> 3 | U1054: =IF(O1054=O1055,"",S1054/T1054) -> 20959.22 | V1054: =IF(U1054="","",IF(ABS(Q1054-U1054)>V$1,"error",""))
A1055: 18929.282 | B1055: 0.005 | C1055: 0.005 | D1055: E | E1055: 1 | F1055: f | G1055: 1 | H1055: 22.5 | I1055: X | J1055: 1 | K1055: e | L1055: 1 | M1055: 22.5 | N1055: 11RaTeWa.SrH-86 | S1055: =IF(O1055=O1054,Q1054+S1054,Q1055) -> 0 | T1055: =IF(O1055=O1054,T1054+1,1) -> 1 | U1055: =IF(O1055=O1056,"",S1055/T1055) -> 0 | V1055: =IF(U1055="","",IF(ABS(Q1055-U1055)>V$1,"error",""))
A1056: 18787.144 | B1056: 0.005 | C1056: 0.005 | D1056: E | E1056: 1 | F1056: e | G1056: 0 | H1056: 23.5 | I1056: X | J1056: 1 | K1056: e | L1056: 0 | M1056: 24.5 | N1056: 11RaTeWa.SrH-227 | O1056: =D1056&"-"&E1056&"-"&F1056&"-"&G1056&"-"&H1056 -> E-1-e-0-23.5 | P1056: =I1056&"-"&J1056&"-"&K1056&"-"&L1056&"-"&M1056 -> X-1-e-0-24.5 | Q1056: =A1056+R1056 -> 20920.614 | R1056: =_xlfn.IFNA(VLOOKUP(P1056,PGOPHER!A$2:G$181,7,FALSE),_xlfn.IFNA(VLOOKUP(P1056,en!A$2:I$768,7,FALSE),-10000)) -> 2133.47 | S1056: =IF(O1056=O1055,Q1055+S1055,Q1056) -> 20920.614 | T1056: =IF(O1056=O1055,T1055+1,1) -> 1 | U1056: =IF(O1056=O1057,"",S1056/T1056) | V1056: =IF(U1056="","",IF(ABS(Q1056-U1056)>V$1,"error",""))
A1057: 19115.024 | B1057: 0.005 | C1057: 0.005 | D1057: E | E1057: 1 | F1057: e | G1057: 0 | H1057: 23.5 | I1057: X | J1057: 1 | K1057: e | L1057: 0 | M1057: 22.5 | N1057: 11RaTeWa.SrH-196 | O1057: =D1057&"-"&E1057&"-"&F1057&"-"&G1057&"-"&H1057 -> E-1-e-0-23.5 | P1057: =I1057&"-"&J1057&"-"&K1057&"-"&L1057&"-"&M1057 -> X-1-e-0-22.5 | Q1057: =A1057+R1057 -> 20920.618 | R1057: =_xlfn.IFNA(VLOOKUP(P1057,PGOPHER!A$2:G$181,7,FALSE),_xlfn.IFNA(VLOOKUP(P1057,en!A$2:I$768,7,FALSE),-10000)) -> 1805.5936 | S1057: =IF(O1057=O1056,Q1056+S1056,Q1057) -> 41841.229 | T1057: =IF(O1057=O1056,T1056+1,1) -> 2 | U1057: =IF(O1057=O1058,"",S1057/T1057) -> 20920.614 | V1057: =IF(U1057="","",IF(ABS(Q1057-U1057)>V$1,"error",""))
A1058: 18951.96 | B1058: 0.025 | C1058: 0.025 | D1058: E | E1058: 1 | F1058: f | G1058: 0 | H1058: 23.5 | I1058: X | J1058: 1 | K1058: e | L1058: 0 | M1058: 23.5 | N1058: 11RaTeWa.SrH-310 | O1058: =D1058&"-"&E1058&"-"&F1058&"-"&G1058&"-"&H1058 -> E-1-f-0-23.5 | P1058: =I1058&"-"&J1058&"-"&K1058&"-"&L1058&"-"&M1058 -> X-1-e-0-23.5 | Q1058: =A1058+R1058 -> 20918.294 | R1058: =_xlfn.IFNA(VLOOKUP(P1058,PGOPHER!A$2:G$181,7,FALSE),_xlfn.IFNA(VLOOKUP(P1058,en!A$2:I$768,7,FALSE),-10000)) -> 1966.3337 | S1058: =IF(O1058=O1057,Q1057+S1057,Q1058) -> 20918.294 | T1058: =IF(O1058=O1057,T1057+1,1) -> 1 | U1058: =IF(O1058=O1059,"",S1058/T1058) -> 20918.294 | V1058: =IF(U1058="","",IF(ABS(Q1058-U1058)>V$1,"error",""))
A1059: 18996.202 | B1059: 0.005 | C1059: 0.005 | D1059: E | E1059: 2 | F1059: e | G1059: 0 | H1059: 23.5 | I1059: X | J1059: 2 | K1059: f | L1059: 0 | M1059: 23.5 | N1059: 11RaTeWa.SrH-361 | O1059: =D1059&"-"&E1059&"-"&F1059&"-"&G1059&"-"&H1059 -> E-2-e-0-23.5 | P1059: =I1059&"-"&J1059&"-"&K1059&"-"&L1059&"-"&M1059 -> X-2-f-0-23.5 | Q1059: =A1059+R1059 -> 21126.807 | R1059: =_xlfn.IFNA(VLOOKUP(P1059,PGOPHER!A$2:G$181,7,FALSE),_xlfn.IFNA(VLOOKUP(P1059,en!A$2:I$768,7,FALSE),-10000)) -> 2130.6051 | S1059: =IF(O1059=O1058,Q1058+S1058,Q1059) -> 21126.807 | T1059: =IF(O1059=O1058,T1058+1,1) -> 1 | U1059: =IF(O1059=O1060,"",S1059/T1059) -> 21126.807 | V1059: =IF(U1059="","",IF(ABS(Q1059-U1059)>V$1,"error",""))
A1060: 19167.368 | B1060: 0.008262 | C1060: 0.008262 | D1060: E | E1060: 2 | F1060: f | G1060: 0 | H1060: 23.5 | I1060: X | J1060: 2 | K1060: f | L1060: 0 | M1060: 22.5 | N1060: 11RaTeWa.SrH-389 | O1060: =D1060&"-"&E1060&"-"&F1060&"-"&G1060&"-"&H1060 -> E-2-f-0-23.5 | P1060: =I1060&"-"&J1060&"-"&K1060&"-"&L1060&"-"&M1060 -> X-2-f-0-22.5 | Q1060: =A1060+R1060 -> 21130.942 | R1060: =_xlfn.IFNA(VLOOKUP(P1060,PGOPHER!A$2:G$181,7,FALSE),_xlfn.IFNA(VLOOKUP(P1060,en!A$2:I$768,7,FALSE),-10000)) -> 1963.574 | S1060: =IF(O1060=O1059,Q1059+S1059,Q1060) -> 21130.942 | T1060: =IF(O1060=O1059,T1059+1,1) -> 1 | U1060: =IF(O1060=O1061,"",S1060/T1060) | V1060: =IF(U1060="","",IF(ABS(Q1060-U1060)>V$1,"error",""))
A1061: 18826.958 | B1061: 0.005909 | C1061: 0.005909 | D1061: E | E1061: 2 | F1061: f | G1061: 0 | H1061: 23.5 | I1061: X | J1061: 2 | K1061: f | L1061: 0 | M1061: 24.5 | N1061: 11RaTeWa.SrH-418 | O1061: =D1061&"-"&E1061&"-"&F1061&"-"&G1061&"-"&H1061 -> E-2-f-0-23.5 | P1061: =I1061&"-"&J1061&"-"&K1061&"-"&L1061&"-"&M1061 -> X-2-f-0-24.5 | Q1061: =A1061+R1061 -> 21130.937 | R1061: =_xlfn.IFNA(VLOOKUP(P1061,PGOPHER!A$2:G$181,7,FALSE),_xlfn.IFNA(VLOOKUP(P1061,en!A$2:I$768,7,FALSE),-10000)) -> 2303.979 | S1061: =IF(O1061=O1060,Q1060+S1060,Q1061) -> 42261.883 | T1061: =IF(O1061=O1060,T1060+1,1) -> 2 | U1061: =IF(O1061=O1062,"",S1061/T1061) | V1061: =IF(U1061="","",IF(ABS(Q1061-U1061)>V$1,"error",""))
A1062: 19164.597 | B1062: 0.01417 | C1062: 0.01417 | D1062: E | E1062: 2 | F1062: f | G1062: 0 | H1062: 23.5 | I1062: X | J1062: 1 | K1062: e | L1062: 0 | M1062: 23.5 | N1062: 11RaTeWa.SrH-442 | O1062: =D1062&"-"&E1062&"-"&F1062&"-"&G1062&"-"&H1062 -> E-2-f-0-23.5 | P1062: =I1062&"-"&J1062&"-"&K1062&"-"&L1062&"-"&M1062 -> X-1-e-0-23.5 | Q1062: =A1062+R1062 -> 21130.931 | R1062: =_xlfn.IFNA(VLOOKUP(P1062,PGOPHER!A$2:G$181,7,FALSE),_xlfn.IFNA(VLOOKUP(P1062,en!A$2:I$768,7,FALSE),-10000)) -> 1966.3337 | S1062: =IF(O1062=O1061,Q1061+S1061,Q1062) -> 63392.82 | T1062: =IF(O1062=O1061,T1061+1,1) -> 3 | U1062: =IF(O1062=O1063,"",S1062/T1062) -> 21130.94 | V1062: =IF(U1062="","",IF(ABS(Q1062-U1062)>V$1,"error",""))
A1063: 18933.007 | B1063: 0.005 | C1063: 0.005 | D1063: E | E1063: 1 | F1063: f | G1063: 1 | H1063: 23.5 | I1063: X | J1063: 1 | K1063: e | L1063: 1 | M1063: 23.5 | N1063: 11RaTeWa.SrH-87 | S1063: =IF(O1063=O1062,Q1062+S1062,Q1063) -> 0 | T1063: =IF(O1063=O1062,T1062+1,1) -> 1 | U1063: =IF(O1063=O1064,"",S1063/T1063) -> 0 | V1063: =IF(U1063="","",IF(ABS(Q1063-U1063)>V$1,"error",""))
A1064: 18785.891 | B1064: 0.015 | C1064: 0.015 | D1064: E | E1064: 1 | F1064: e | G1064: 0 | H1064: 24.5 | I1064: X | J1064: 1 | K1064: e | L1064: 0 | M1064: 25.5 | N1064: 11RaTeWa.SrH-228 | O1064: =D1064&"-"&E1064&"-"&F1064&"-"&G1064&"-"&H1064 -> E-1-e-0-24.5 | P1064: =I1064&"-"&J1064&"-"&K1064&"-"&L1064&"-"&M1064 -> X-1-e-0-25.5 | Q1064: =A1064+R1064 -> 21092.832 | R1064: =_xlfn.IFNA(VLOOKUP(P1064,PGOPHER!A$2:G$181,7,FALSE),_xlfn.IFNA(VLOOKUP(P1064,en!A$2:I$768,7,FALSE),-10000)) -> 2306.9409 | S1064: =IF(O1064=O1063,Q1063+S1063,Q1064) -> 21092.832 | T1064: =IF(O1064=O1063,T1063+1,1) -> 1 | U1064: =IF(O1064=O1065,"",S1064/T1064) | V1064: =IF(U1064="","",IF(ABS(Q1064-U1064)>V$1,"error",""))
A1065: 19126.502 | B1065: 0.005 | C1065: 0.005 | D1065: E | E1065: 1 | F1065: e | G1065: 0 | H1065: 24.5 | I1065: X | J1065: 1 | K1065: e | L1065: 0 | M1065: 23.5 | N1065: 11RaTeWa.SrH-197 | O1065: =D1065&"-"&E1065&"-"&F1065&"-"&G1065&"-"&H1065 -> E-1-e-0-24.5 | P1065: =I1065&"-"&J1065&"-"&K1065&"-"&L1065&"-"&M1065 -> X-1-e-0-23.5 | Q1065: =A1065+R1065 -> 21092.836 | R1065: =_xlfn.IFNA(VLOOKUP(P1065,PGOPHER!A$2:G$181,7,FALSE),_xlfn.IFNA(VLOOKUP(P1065,en!A$2:I$768,7,FALSE),-10000)) -> 1966.3337 | S1065: =IF(O1065=O1064,Q1064+S1064,Q1065) -> 42185.663 | T1065: =IF(O1065=O1064,T1064+1,1) -> 2 | U1065: =IF(O1065=O1066,"",S1065/T1065) -> 21092.832 | V1065: =IF(U1065="","",IF(ABS(Q1065-U1065)>V$1,"error",""))
A1066: 19000.689 | B1066: 0.005 | C1066: 0.005 | D1066: E | E1066: 2 | F1066: e | G1066: 0 | H1066: 24.5 | I1066: X | J1066: 2 | K1066: f | L1066: 0 | M1066: 24.5 | N1066: 11RaTeWa.SrH-362 | O1066: =D1066&"-"&E1066&"-"&F1066&"-"&G1066&"-"&H1066 -> E-2-e-0-24.5 | P1066: =I1066&"-"&J1066&"-"&K1066&"-"&L1066&"-"&M1066 -> X-2-f-0-24.5 | Q1066: =A1066+R1066 -> 21304.668 | R1066: =_xlfn.IFNA(VLOOKUP(P1066,PGOPHER!A$2:G$181,7,FALSE),_xlfn.IFNA(VLOOKUP(P1066,en!A$2:I$768,7,FALSE),-10000)) -> 2303.979 | S1066: =IF(O1066=O1065,Q1065+S1065,Q1066) -> 21304.668 | T1066: =IF(O1066=O1065,T1065+1,1) -> 1 | U1066: =IF(O1066=O1067,"",S1066/T1066) -> 21304.668 | V1066: =IF(U1066="","",IF(ABS(Q1066-U1066)>V$1,"error",""))
A1067: 18825.528 | B1067: 0.005 | C1067: 0.005 | D1067: E | E1067: 2 | F1067: f | G1067: 0 | H1067: 24.5 | I1067: X | J1067: 2 | K1067: f | L1067: 0 | M1067: 25.5 | N1067: 11RaTeWa.SrH-419 | O1067: =D1067&"-"&E1067&"-"&F1067&"-"&G1067&"-"&H1067 -> E-2-f-0-24.5 | P1067: =I1067&"-"&J1067&"-"&K1067&"-"&L1067&"-"&M1067 -> X-2-f-0-25.5 | Q1067: =A1067+R1067 -> 21309.122 | R1067: =_xlfn.IFNA(VLOOKUP(P1067,PGOPHER!A$2:G$181,7,FALSE),_xlfn.IFNA(VLOOKUP(P1067,en!A$2:I$768,7,FALSE),-10000)) -> 2483.5941 | S1067: =IF(O1067=O1066,Q1066+S1066,Q1067) -> 21309.122 | T1067: =IF(O1067=O1066,T1066+1,1) -> 1 | U1067: =IF(O1067=O1068,"",S1067/T1067) | V1067: =IF(U1067="","",IF(ABS(Q1067-U1067)>V$1,"error",""))
A1068: 19178.519 | B1068: 0.005 | C1068: 0.005 | D1068: E | E1068: 2 | F1068: f | G1068: 0 | H1068: 24.5 | I1068: X | J1068: 2 | K1068: f | L1068: 0 | M1068: 23.5 | N1068: 11RaTeWa.SrH-390 | O1068: =D1068&"-"&E1068&"-"&F1068&"-"&G1068&"-"&H1068 -> E-2-f-0-24.5 | P1068: =I1068&"-"&J1068&"-"&K1068&"-"&L1068&"-"&M1068 -> X-2-f-0-23.5 | Q1068: =A1068+R1068 -> 21309.124 | R1068: =_xlfn.IFNA(VLOOKUP(P1068,PGOPHER!A$2:G$181,7,FALSE),_xlfn.IFNA(VLOOKUP(P1068,en!A$2:I$768,7,FALSE),-10000)) -> 2130.6051 | S1068: =IF(O1068=O1067,Q1067+S1067,Q1068) -> 42618.244 | T1068: =IF(O1068=O1067,T1067+1,1) -> 2 | U1068: =IF(O1068=O1069,"",S1068/T1068) -> 21309.122 | V1068: =IF(U1068="","",IF(ABS(Q1068-U1068)>V$1,"error",""))
A1069: 18936.728 | B1069: 0.005 | C1069: 0.005 | D1069: E | E1069: 1 | F1069: f | G1069: 1 | H1069: 24.5 | I1069: X | J1069: 1 | K1069: e | L1069: 1 | M1069: 24.5 | N1069: 11RaTeWa.SrH-88 | S1069: =IF(O1069=O1068,Q1068+S1068,Q1069) -> 0 | T1069: =IF(O1069=O1068,T1068+1,1) -> 1 | U1069: =IF(O1069=O1070,"",S1069/T1069) -> 0 | V1069: =IF(U1069="","",IF(ABS(Q1069-U1069)>V$1,"error",""))
A1070: 18784.848 | B1070: 0.045 | C1070: 0.045 | D1070: E | E1070: 1 | F1070: e | G1070: 0 | H1070: 25.5 | I1070: X | J1070: 1 | K1070: e | L1070: 0 | M1070: 26.5 | N1070: 11RaTeWa.SrH-229 | O1070: =D1070&"-"&E1070&"-"&F1070&"-"&G1070&"-"&H1070 -> E-1-e-0-25.5 | P1070: =I1070&"-"&J1070&"-"&K1070&"-"&L1070&"-"&M1070 -> X-1-e-0-26.5 | Q1070: =A1070+R1070 -> 21271.513 | R1070: =_xlfn.IFNA(VLOOKUP(P1070,PGOPHER!A$2:G$181,7,FALSE),_xlfn.IFNA(VLOOKUP(P1070,en!A$2:I$768,7,FALSE),-10000)) -> 2486.6642 | S1070: =IF(O1070=O1069,Q1069+S1069,Q1070) -> 21271.513 | T1070: =IF(O1070=O1069,T1069+1,1) -> 1 | U1070: =IF(O1070=O1071,"",S1070/T1070) | V1070: =IF(U1070="","",IF(ABS(Q1070-U1070)>V$1,"error",""))
A1071: 19138.047 | B1071: 0.055 | C1071: 0.055 | D1071: E | E1071: 1 | F1071: e | G1071: 0 | H1071: 25.5 | I1071: X | J1071: 1 | K1071: e | L1071: 0 | M1071: 24.5 | N1071: 11RaTeWa.SrH-198 | O1071: =D1071&"-"&E1071&"-"&F1071&"-"&G1071&"-"&H1071 -> E-1-e-0-25.5 | P1071: =I1071&"-"&J1071&"-"&K1071&"-"&L1071&"-"&M1071 -> X-1-e-0-24.5 | Q1071: =A1071+R1071 -> 21271.517 | R1071: =_xlfn.IFNA(VLOOKUP(P1071,PGOPHER!A$2:G$181,7,FALSE),_xlfn.IFNA(VLOOKUP(P1071,en!A$2:I$768,7,FALSE),-10000)) -> 2133.47 | S1071: =IF(O1071=O1070,Q1070+S1070,Q1071) -> 42543.025 | T1071: =IF(O1071=O1070,T1070+1,1) -> 2 | U1071: =IF(O1071=O1072,"",S1071/T1071) -> 21271.513 | V1071: =IF(U1071="","",IF(ABS(Q1071-U1071)>V$1,"error",""))
A1072: 19005.302 | B1072: 0.005 | C1072: 0.005 | D1072: E | E1072: 2 | F1072: e | G1072: 0 | H1072: 25.5 | I1072: X | J1072: 2 | K1072: f | L1072: 0 | M1072: 25.5 | N1072: 11RaTeWa.SrH-363 | O1072: =D1072&"-"&E1072&"-"&F1072&"-"&G1072&"-"&H1072 -> E-2-e-0-25.5 | P1072: =I1072&"-"&J1072&"-"&K1072&"-"&L1072&"-"&M1072 -> X-2-f-0-25.5 | Q1072: =A1072+R1072 -> 21488.896 | R1072: =_xlfn.IFNA(VLOOKUP(P1072,PGOPHER!A$2:G$181,7,FALSE),_xlfn.IFNA(VLOOKUP(P1072,en!A$2:I$768,7,FALSE),-10000)) -> 2483.5941 | S1072: =IF(O1072=O1071,Q1071+S1071,Q1072) -> 21488.896 | T1072: =IF(O1072=O1071,T1071+1,1) -> 1 | U1072: =IF(O1072=O1073,"",S1072/T1072) -> 21488.896 | V1072: =IF(U1072="","",IF(ABS(Q1072-U1072)>V$1,"error",""))
...

Sheet en
A1: TAG | B1: State | D1: e/f | F1: J | G1: En | H1: unc
A2: =B2&"-"&C2&"-"&D2&"-"&E2&"-"&F2 -> X-1-e-0-0.5 | B2: X | C2: 1 | D2: e | E2: 0 | F2: 0.5 | G2: 0 | H2: 0 | I2: 21
A3: =B3&"-"&C3&"-"&D3&"-"&E3&"-"&F3 -> X-2-f-0-0.5 | B3: X | C3: 2 | D3: f | E3: 0 | F3: 0.5 | G3: 7.142378 | H3: 5e-06 | I3: 2
A4: =B4&"-"&C4&"-"&D4&"-"&E4&"-"&F4 -> X-1-e-1-0.5 | B4: X | C4: 1 | D4: e | E4: 1 | F4: 0.5 | G4: 1172.805 | H4: 0.002523 | I4: 24
A5: =B5&"-"&C5&"-"&D5&"-"&E5&"-"&F5 -> X-2-f-1-0.5 | B5: X | C5: 2 | D5: f | E5: 1 | F5: 0.5 | G5: 1179.7886 | H5: 0.001015 | I5: 3
A6: =B6&"-"&C6&"-"&D6&"-"&E6&"-"&F6 -> X-1-e-2-0.5 | B6: X | C6: 1 | D6: e | E6: 2 | F6: 0.5 | G6: 2311.4505 | H6: 0.002 | I6: 22
A7: =B7&"-"&C7&"-"&D7&"-"&E7&"-"&F7 -> X-2-f-2-0.5 | B7: X | C7: 2 | D7: f | E7: 2 | F7: 0.5 | G7: 2318.2805 | H7: 0.015405 | I7: 3
A8: =B8&"-"&C8&"-"&D8&"-"&E8&"-"&F8 -> X-2-f-3-0.5 | B8: X | C8: 2 | D8: f | E8: 3 | F8: 0.5 | G8: 3422.5452 | H8: 0.003015 | I8: 22
A9: =B9&"-"&C9&"-"&D9&"-"&E9&"-"&F9 -> A-1-f-0-0.5 | B9: A | C9: 1 | D9: f | E9: 0 | F9: 0.5 | G9: 13360.955 | H9: 0.093443 | I9: 3
A10: =B10&"-"&C10&"-"&D10&"-"&E10&"-"&F10 -> A-1-e-0-0.5 | B10: A | C10: 1 | D10: e | E10: 0 | F10: 0.5 | G10: 13364.94 | H10: 0.030778 | I10: 21
A11: =B11&"-"&C11&"-"&D11&"-"&E11&"-"&F11 -> B-1-e-0-0.5 | B11: B | C11: 1 | D11: e | E11: 0 | F11: 0.5 | G11: 14352.628 | H11: 0.01001 | I11: 3
A12: =B12&"-"&C12&"-"&D12&"-"&E12&"-"&F12 -> E-1-e-0-0.5 | B12: E | C12: 1 | D12: e | E12: 0 | F12: 0.5 | G12: 18864.357 | H12: 0.005005 | I12: 22
A13: =B13&"-"&C13&"-"&D13&"-"&E13&"-"&F13 -> E-1-f-0-0.5 | B13: E | C13: 1 | D13: f | E13: 0 | F13: 0.5 | G13: 18864.448 | H13: 0.005 | I13: 3
... A768: =B768&"-"&C768&"-"&D768&"-"&E768&"-"&F768 -> A-2-f-0-37.5 | B768: A | C768: 2 | D768: f | E768: 0 | F768: 37.5 | G768: 18698.423 | H768: 3.006469 | I768: 1

Sheet PGOPHER
A1: TAG | D1: J | E1: e/f | K1: v | P1: J | Q1: e/f | R1: n | S1: E | T1: State | U1: v
A2: ="X"&"-"&O2&"-"&Q2&"-"&K2&"-"&P2&"PG" -> X-1-e-0-0.5PG | C2: Ground | D2: 0.5 | E2: e | F2: 1 | G2: 0 | H2: 2 | I2: 0.015911634 | J2: Ground | K2: 0 | L2: 0.5 | M2: 0 | N2: F1e | O2: 1 | P2: =D2 -> 0.5 | Q2: =E2 -> e | R2: =P2+0.5+U2 -> 1 | S2: =G2 -> 0 | T2: X | U2: =K2 -> 0 | V2: 0 | W2: 0.5 | X2: 0.5 | Y2: 1
A3: ="X"&"-"&O3&"-"&Q3&"-"&K3&"-"&P3&"PG" -> X-2-f-0-0.5PG | C3: Ground | D3: 0.5 | E3: f | F3: 1 | G3: 6.5067 | H3: 2 | I3: 0.015422769 | J3: Ground | K3: 0 | L3: 0.5 | M3: 1 | N3: F2f | O3: 2 | P3: =D3 -> 0.5 | Q3: =E3 -> f | R3: =P3+0.5+U3 -> 1 | S3: =G3 -> 6.5067 | T3: X | U3: =K3 -> 0 | V3: 0 | W3: 0.5 | X3: 0.5 | Y3: 1
A4: ="X"&"-"&O4&"-"&Q4&"-"&K4&"-"&P4&"PG" -> X-1-e-0-1.5PG | C4: Ground | D4: 1.5 | E4: e | F4: 1 | G4: 6.7947 | H4: 4 | I4: 0.030802955 | J4: Ground | K4: 0 | L4: 1.5 | M4: 1 | N4: F1e | O4: 1 | P4: =D4 -> 1.5 | Q4: =E4 -> e | R4: =P4+0.5+U4 -> 2 | S4: =G4 -> 6.7947 | T4: X | U4: =K4 -> 0 | V4: 0 | W4: 0.5 | X4: 0.5 | Y4: 1
A5: ="X"&"-"&O5&"-"&Q5&"-"&K5&"-"&P5&"PG" -> X-2-f-0-1.5PG | C5: Ground | D5: 1.5 | E5: f | F5: 1 | G5: 19.8055 | H5: 4 | I5: 0.028939632 | J5: Ground | K5: 0 | L5: 1.5 | M5: 2 | N5: F2f | O5: 2 | P5: =D5 -> 1.5 | Q5: =E5 -> f | R5: =P5+0.5+U5 -> 2 | S5: =G5 -> 19.8055 | T5: X | U5: =K5 -> 0 | V5: 0 | W5: 0.5 | X5: 0.5 | Y5: 1
A6: ="X"&"-"&O6&"-"&Q6&"-"&K6&"-"&P6&"PG" -> X-1-e-0-2.5PG | C6: Ground | D6: 2.5 | E6: e | F6: 1 | G6: 20.2855 | H6: 6 | I6: 0.043309641 | J6: Ground | K6: 0 | L6: 2.5 | M6: 2 | N6: F1e | O6: 1 | P6: =D6 -> 2.5 | Q6: =E6 -> e | R6: =P6+0.5+U6 -> 3 | S6: =G6 -> 20.2855 | T6: X | U6: =K6 -> 0 | V6: 0 | W6: 0.5 | X6: 0.5 | Y6: 1
A7: ="X"&"-"&O7&"-"&Q7&"-"&K7&"-"&P7&"PG" -> X-2-f-0-2.5PG | C7: Ground | D7: 2.5 | E7: f | F7: 1 | G7: 39.7951 | H7: 6 | I7: 0.039441113 | J7: Ground | K7: 0 | L7: 2.5 | M7: 3 | N7: F2f | O7: 2 | P7: =D7 -> 2.5 | Q7: =E7 -> f | R7: =P7+0.5+U7 -> 3 | S7: =G7 -> 39.7951 | T7: X | U7: =K7 -> 0 | V7: 0 | W7: 0.5 | X7: 0.5 | Y7: 1
A8: ="X"&"-"&O8&"-"&Q8&"-"&K8&"-"&P8&"PG" -> X-1-e-0-3.5PG | C8: Ground | D8: 3.5 | E8: e | F8: 1 | G8: 40.4667 | H8: 8 | I8: 0.052419025 | J8: Ground | K8: 0 | L8: 3.5 | M8: 3 | N8: F1e | O8: 1 | P8: =D8 -> 3.5 | Q8: =E8 -> e | R8: =P8+0.5+U8 -> 4 | S8: =G8 -> 40.4667 | T8: X | U8: =K8 -> 0 | V8: 0 | W8: 0.5 | X8: 0.5 | Y8: 1
A9: ="X"&"-"&O9&"-"&Q9&"-"&K9&"-"&P9&"PG" -> X-2-f-0-3.5PG | C9: Ground | D9: 3.5 | E9: f | F9: 1 | G9: 66.4673 | H9: 8 | I9: 0.046273662 | J9: Ground | K9: 0 | L9: 3.5 | M9: 4 | N9: F2f | O9: 2 | P9: =D9 -> 3.5 | Q9: =E9 -> f | R9: =P9+0.5+U9 -> 4 | S9: =G9 -> 66.4673 | T9: X | U9: =K9 -> 0 | V9: 0 | W9: 0.5 | X9: 0.5 | Y9: 1
A10: ="X"&"-"&O10&"-"&Q10&"-"&K10&"-"&P10&"PG" -> X-1-e-0-4.5PG | C10: Ground | D10: 4.5 | E10: e | F10: 1 | G10: 67.3303 | H10: 10 | I10: 0.057603147 | J10: Ground | K10: 0 | L10: 4.5 | M10: 4 | N10: F1e | O10: 1 | P10: =D10 -> 4.5 | Q10: =E10 -> e | R10: =P10+0.5+U10 -> 5 | S10: =G10 -> 67.3303 | T10: X | U10: =K10 -> 0 | V10: 0 | W10: 0.5 | X10: 0.5 | Y10: 1
A11: ="X"&"-"&O11&"-"&Q11&"-"&K11&"-"&P11&"PG" -> X-2-f-0-4.5PG | C11: Ground | D11: 4.5 | E11: f | F11: 1 | G11: 99.8114 | H11: 10 | I11: 0.049293915 | J11: Ground | K11: 0 | L11: 4.5 | M11: 5 | N11: F2f | O11: 2 | P11: =D11 -> 4.5 | Q11: =E11 -> f | R11: =P11+0.5+U11 -> 5 | S11: =G11 -> 99.8114 | T11: X | U11: =K11 -> 0 | V11: 0 | W11: 0.5 | X11: 0.5 | Y11: 1
A12: ="X"&"-"&O12&"-"&Q12&"-"&K12&"-"&P12&"PG" -> X-1-e-0-5.5PG | C12: Ground | D12: 5.5 | E12: e | F12: 1 | G12: 100.8655 | H12: 12 | I12: 0.058854399 | J12: Ground | K12: 0 | L12: 5.5 | M12: 5 | N12: F1e | O12: 1 | P12: =D12 -> 5.5 | Q12: =E12 -> e | R12: =P12+0.5+U12 -> 6 | S12: =G12 -> 100.8655 | T12: X | U12: =K12 -> 0 | V12: 0 | W12: 0.5 | X12: 0.5 | Y12: 1
A13: ="X"&"-"&O13&"-"&Q13&"-"&K13&"-"&P13&"PG" -> X-2-f-0-5.5PG | C13: Ground | D13: 5.5 | E13: f | F13: 1 | G13: 139.814 | H13: 12 | I13: 0.048826483 | J13: Ground | K13: 0 | L13: 5.5 | M13: 6 | N13: F2f | O13: 2 | P13: =D13 -> 5.5 | Q13: =E13 -> f | R13: =P13+0.5+U13 -> 6 | S13: =G13 -> 139.814 | T13: X | U13: =K13 -> 0 | V13: 0 | W13: 0.5 | X13: 0.5 | Y13: 1
... A181: ="X"&"-"&O181&"-"&Q181&"-"&K181&"-"&P181&"PG" -> X-2-f-2-29.5PG | C181: Excited | D181: 29.5 | E181: f | F181: 2 | G181: 5145.1094 | H181: 60 | I181: 9.1702e-12 | J181: Excited | K181: 2 | L181: 29.5 | M181: 30 | N181: F2f | O181: 2 | P181: =D181 -> 29.5 | Q181: =E181 -> f | R181: =P181+0.5+U181 -> 32 | S181: =G181 -> 5145.1094 | T181: X | U181: =K181 -> 2 | V181: 0 | W181: 0.5 | X181: 0.5 | Y181: 1
